date,trips_scheduled,trips_observed,trips_not_observed,cancelled,added,skipped_stops,departures_scheduled,departures_observed,uptime_service_hours
2026-10-04,74,73,1,0,0,1,207,199,1.0
2026-10-05,305,303,2,0,0,7,802,779,1.0
2026-10-06,305,300,5,0,0,7,802,770,1.0
2026-10-07,305,295,10,0,0,3,802,757,1.0
2026-10-08,305,294,11,0,0,7,802,760,0.9833
2026-10-09,305,302,3,0,0,8,802,783,1.0
2026-10-10,122,118,4,0,0,3,318,302,1.0
2026-10-11,74,73,1,0,0,2,207,202,1.0
2026-10-12,305,299,6,0,0,6,802,767,1.0
2026-10-13,305,297,8,0,0,4,802,771,1.0
2026-10-14,305,299,6,0,0,2,802,774,1.0
2026-10-15,305,296,9,0,0,11,802,757,1.0
2026-10-16,305,301,4,0,0,14,802,786,1.0
2026-10-17,122,115,7,0,0,1,318,293,0.9708
2026-10-18,74,69,5,0,0,3,207,192,1.0
2026-10-19,305,303,2,0,0,10,802,776,1.0
2026-10-20,305,297,8,0,0,3,802,767,1.0
2026-10-21,305,300,5,0,0,8,802,769,1.0
2026-10-22,305,131,174,0,0,7,802,301,1.0
2026-10-23,305,297,8,0,0,4,802,765,1.0
2026-10-24,122,121,1,0,0,2,318,313,1.0
2026-10-25,74,74,0,0,0,3,207,204,1.0
2026-10-26,305,301,4,0,0,8,802,780,1.0
2026-10-27,305,300,5,0,0,7,802,775,1.0
2026-10-28,305,293,12,0,0,10,802,754,0.9708
2026-10-29,305,299,6,0,0,8,802,771,1.0
2026-10-30,305,302,3,0,0,9,802,783,1.0
2026-10-31,122,121,1,0,0,2,318,303,1.0
2026-11-01,74,74,0,0,0,4,207,203,1.0
2026-11-02,305,302,3,0,0,6,802,775,1.0
