month,route,scope,day_type,hour,n,early,on_time,late,early_alt,on_time_alt,late_alt
2026-10,901,all_stops,saturday,8,71,13,54,4,24,43,4
2026-10,901,all_stops,saturday,9,71,12,54,5,23,43,5
2026-10,901,all_stops,saturday,10,72,17,54,1,32,39,1
2026-10,901,all_stops,saturday,11,72,18,53,1,32,39,1
2026-10,901,all_stops,saturday,12,72,8,62,2,19,51,2
2026-10,901,all_stops,saturday,13,55,12,37,6,20,29,6
2026-10,901,all_stops,saturday,14,72,7,64,1,17,54,1
2026-10,901,all_stops,saturday,15,68,8,54,6,20,42,6
2026-10,901,all_stops,saturday,16,71,8,56,7,20,44,7
2026-10,901,all_stops,saturday,17,72,6,60,6,13,53,6
2026-10,901,all_stops,saturday,18,71,12,59,0,24,47,0
2026-10,901,all_stops,saturday,19,62,2,55,5,13,44,5
2026-10,901,all_stops,saturday,20,70,4,53,13,14,43,13
2026-10,901,all_stops,saturday,21,36,7,29,0,10,26,0
2026-10,901,all_stops,sunday,9,70,10,58,2,20,48,2
2026-10,901,all_stops,sunday,10,63,3,52,8,11,44,8
2026-10,901,all_stops,sunday,11,71,9,58,4,19,48,4
2026-10,901,all_stops,sunday,12,70,2,59,9,9,52,9
2026-10,901,all_stops,sunday,13,71,11,60,0,28,43,0
2026-10,901,all_stops,sunday,14,71,8,55,8,20,43,8
2026-10,901,all_stops,sunday,15,69,8,55,6,17,46,6
2026-10,901,all_stops,sunday,16,69,7,57,5,15,49,5
2026-10,901,all_stops,sunday,17,68,3,65,0,21,47,0
2026-10,901,all_stops,sunday,18,71,3,64,4,13,54,4
2026-10,901,all_stops,sunday,19,36,1,32,3,5,28,3
2026-10,901,all_stops,weekday,6,547,82,429,36,149,362,36
2026-10,901,all_stops,weekday,7,677,98,537,42,177,458,42
2026-10,901,all_stops,weekday,8,647,78,538,31,189,427,31
2026-10,901,all_stops,weekday,9,658,81,542,35,157,466,35
2026-10,901,all_stops,weekday,10,660,97,499,64,174,422,64
2026-10,901,all_stops,weekday,11,658,101,504,53,197,408,53
2026-10,901,all_stops,weekday,12,655,77,534,44,181,430,44
2026-10,901,all_stops,weekday,13,682,71,550,61,146,475,61
2026-10,901,all_stops,weekday,14,648,88,525,35,170,443,35
2026-10,901,all_stops,weekday,15,652,36,522,94,102,456,94
2026-10,901,all_stops,weekday,16,670,26,522,122,76,472,122
2026-10,901,all_stops,weekday,17,684,15,529,140,72,472,140
2026-10,901,all_stops,weekday,18,664,23,505,136,67,461,136
2026-10,901,all_stops,weekday,19,673,49,529,95,128,450,95
2026-10,901,all_stops,weekday,20,657,84,528,45,185,427,45
2026-10,901,all_stops,weekday,21,686,74,583,29,186,471,29
2026-10,901,all_stops,weekday,22,674,65,563,46,160,468,46
2026-10,901,all_stops,weekday,23,589,61,478,50,140,399,50
2026-10,901,all_stops,weekday,24,38,2,24,12,5,21,12
2026-10,901,timepoints,saturday,8,23,0,22,1,1,21,1
2026-10,901,timepoints,saturday,9,24,0,23,1,2,21,1
2026-10,901,timepoints,saturday,10,24,2,22,0,3,21,0
2026-10,901,timepoints,saturday,11,24,1,23,0,3,21,0
2026-10,901,timepoints,saturday,12,24,0,24,0,1,23,0
2026-10,901,timepoints,saturday,13,18,0,16,2,0,16,2
2026-10,901,timepoints,saturday,14,24,0,24,0,1,23,0
2026-10,901,timepoints,saturday,15,22,0,21,1,1,20,1
2026-10,901,timepoints,saturday,16,23,0,20,3,2,18,3
2026-10,901,timepoints,saturday,17,24,1,21,2,4,18,2
2026-10,901,timepoints,saturday,18,24,1,23,0,3,21,0
2026-10,901,timepoints,saturday,19,20,0,19,1,0,19,1
2026-10,901,timepoints,saturday,20,24,0,20,4,1,19,4
2026-10,901,timepoints,saturday,21,12,1,11,0,1,11,0
2026-10,901,timepoints,sunday,9,24,0,24,0,0,24,0
2026-10,901,timepoints,sunday,10,21,1,17,3,2,16,3
2026-10,901,timepoints,sunday,11,23,0,22,1,1,21,1
2026-10,901,timepoints,sunday,12,23,0,20,3,2,18,3
2026-10,901,timepoints,sunday,13,24,0,24,0,2,22,0
2026-10,901,timepoints,sunday,14,24,1,21,2,2,20,2
2026-10,901,timepoints,sunday,15,22,0,20,2,0,20,2
2026-10,901,timepoints,sunday,16,23,0,22,1,0,22,1
2026-10,901,timepoints,sunday,17,24,0,24,0,0,24,0
2026-10,901,timepoints,sunday,18,24,1,22,1,2,21,1
2026-10,901,timepoints,sunday,19,12,0,11,1,0,11,1
2026-10,901,timepoints,weekday,6,208,4,192,12,12,184,12
2026-10,901,timepoints,weekday,7,230,7,214,9,14,207,9
2026-10,901,timepoints,weekday,8,217,1,205,11,12,194,11
2026-10,901,timepoints,weekday,9,224,3,211,10,10,204,10
2026-10,901,timepoints,weekday,10,219,1,197,21,9,189,21
2026-10,901,timepoints,weekday,11,221,4,200,17,15,189,17
2026-10,901,timepoints,weekday,12,221,3,207,11,8,202,11
2026-10,901,timepoints,weekday,13,231,1,212,18,10,203,18
2026-10,901,timepoints,weekday,14,218,2,205,11,11,196,11
2026-10,901,timepoints,weekday,15,219,0,185,34,5,180,34
2026-10,901,timepoints,weekday,16,226,1,185,40,7,179,40
2026-10,901,timepoints,weekday,17,226,1,186,39,5,182,39
2026-10,901,timepoints,weekday,18,223,1,183,39,6,178,39
2026-10,901,timepoints,weekday,19,224,2,200,22,10,192,22
2026-10,901,timepoints,weekday,20,221,4,201,16,12,193,16
2026-10,901,timepoints,weekday,21,230,0,221,9,8,213,9
2026-10,901,timepoints,weekday,22,224,1,209,14,2,208,14
2026-10,901,timepoints,weekday,23,189,2,172,15,9,165,15
2026-10,902,all_stops,saturday,8,63,1,54,8,14,41,8
2026-10,902,all_stops,saturday,9,63,5,53,5,15,43,5
2026-10,902,all_stops,saturday,10,56,0,51,5,2,49,5
2026-10,902,all_stops,saturday,11,62,7,49,6,12,44,6
2026-10,902,all_stops,saturday,12,64,1,57,6,13,45,6
2026-10,902,all_stops,saturday,13,49,4,42,3,11,35,3
2026-10,902,all_stops,saturday,14,62,2,55,5,9,48,5
2026-10,902,all_stops,saturday,15,63,1,56,6,7,50,6
2026-10,902,all_stops,saturday,16,64,4,53,7,8,49,7
2026-10,902,all_stops,saturday,17,63,7,52,4,19,40,4
2026-10,902,all_stops,saturday,18,64,9,53,2,19,43,2
2026-10,902,all_stops,saturday,19,64,3,54,7,8,49,7
2026-10,902,all_stops,saturday,20,32,2,23,7,3,22,7
2026-10,902,all_stops,sunday,9,55,7,44,4,11,40,4
2026-10,902,all_stops,sunday,10,62,4,55,3,12,47,3
2026-10,902,all_stops,sunday,11,55,1,38,16,6,33,16
2026-10,902,all_stops,sunday,12,63,2,54,7,6,50,7
2026-10,902,all_stops,sunday,13,63,5,50,8,9,46,8
2026-10,902,all_stops,sunday,14,62,3,59,0,11,51,0
2026-10,902,all_stops,sunday,15,59,1,49,9,7,43,9
2026-10,902,all_stops,sunday,16,62,7,48,7,10,45,7
2026-10,902,all_stops,sunday,17,64,6,53,5,14,45,5
2026-10,902,all_stops,sunday,18,32,1,28,3,4,25,3
2026-10,902,all_stops,weekday,6,432,14,391,27,54,351,27
2026-10,902,all_stops,weekday,7,591,33,477,81,87,423,81
2026-10,902,all_stops,weekday,8,586,26,468,92,90,404,92
2026-10,902,all_stops,weekday,9,596,30,495,71,93,432,71
2026-10,902,all_stops,weekday,10,609,38,494,77,94,438,77
2026-10,902,all_stops,weekday,11,599,26,482,91,71,437,91
2026-10,902,all_stops,weekday,12,600,40,503,57,105,438,57
2026-10,902,all_stops,weekday,13,603,30,520,53,110,440,53
2026-10,902,all_stops,weekday,14,588,29,512,47,105,436,47
2026-10,902,all_stops,weekday,15,602,18,476,108,54,440,108
2026-10,902,all_stops,weekday,16,595,14,409,172,53,370,172
2026-10,902,all_stops,weekday,17,595,7,386,202,30,363,202
2026-10,902,all_stops,weekday,18,582,8,412,162,39,381,162
2026-10,902,all_stops,weekday,19,585,35,427,123,84,378,123
2026-10,902,all_stops,weekday,20,570,39,458,73,94,403,73
2026-10,902,all_stops,weekday,21,165,3,122,40,21,104,40
2026-10,902,timepoints,saturday,8,24,0,20,4,1,19,4
2026-10,902,timepoints,saturday,9,24,1,21,2,1,21,2
2026-10,902,timepoints,saturday,10,21,0,19,2,0,19,2
2026-10,902,timepoints,saturday,11,22,2,17,3,3,16,3
2026-10,902,timepoints,saturday,12,24,0,22,2,2,20,2
2026-10,902,timepoints,saturday,13,18,0,18,0,1,17,0
2026-10,902,timepoints,saturday,14,23,0,20,3,0,20,3
2026-10,902,timepoints,saturday,15,24,0,20,4,1,19,4
2026-10,902,timepoints,saturday,16,24,1,21,2,2,20,2
2026-10,902,timepoints,saturday,17,24,0,22,2,0,22,2
2026-10,902,timepoints,saturday,18,24,0,23,1,2,21,1
2026-10,902,timepoints,saturday,19,24,0,22,2,0,22,2
2026-10,902,timepoints,saturday,20,12,0,9,3,0,9,3
2026-10,902,timepoints,sunday,9,21,2,17,2,2,17,2
2026-10,902,timepoints,sunday,10,23,0,22,1,1,21,1
2026-10,902,timepoints,sunday,11,20,0,13,7,0,13,7
2026-10,902,timepoints,sunday,12,24,0,21,3,0,21,3
2026-10,902,timepoints,sunday,13,24,0,20,4,0,20,4
2026-10,902,timepoints,sunday,14,24,0,24,0,3,21,0
2026-10,902,timepoints,sunday,15,22,0,18,4,0,18,4
2026-10,902,timepoints,sunday,16,23,1,19,3,1,19,3
2026-10,902,timepoints,sunday,17,24,0,22,2,1,21,2
2026-10,902,timepoints,sunday,18,12,0,11,1,0,11,1
2026-10,902,timepoints,weekday,6,168,0,156,12,6,150,12
2026-10,902,timepoints,weekday,7,224,0,191,33,5,186,33
2026-10,902,timepoints,weekday,8,221,0,182,39,7,175,39
2026-10,902,timepoints,weekday,9,224,0,194,30,8,186,30
2026-10,902,timepoints,weekday,10,229,1,198,30,7,192,30
2026-10,902,timepoints,weekday,11,223,1,184,38,6,179,38
2026-10,902,timepoints,weekday,12,224,3,197,24,9,191,24
2026-10,902,timepoints,weekday,13,226,1,202,23,1,202,23
2026-10,902,timepoints,weekday,14,222,1,200,21,9,192,21
2026-10,902,timepoints,weekday,15,227,0,183,44,4,179,44
2026-10,902,timepoints,weekday,16,224,1,157,66,7,151,66
2026-10,902,timepoints,weekday,17,227,2,149,76,7,144,76
2026-10,902,timepoints,weekday,18,217,0,156,61,8,148,61
2026-10,902,timepoints,weekday,19,222,1,172,49,9,164,49
2026-10,902,timepoints,weekday,20,216,1,186,29,5,182,29
2026-10,902,timepoints,weekday,21,56,0,38,18,0,38,18
2026-10,903,all_stops,saturday,8,64,2,60,2,7,55,2
2026-10,903,all_stops,saturday,9,63,4,50,9,11,43,9
2026-10,903,all_stops,saturday,10,63,4,53,6,10,47,6
2026-10,903,all_stops,saturday,11,61,1,60,0,14,47,0
2026-10,903,all_stops,saturday,12,63,7,54,2,15,46,2
2026-10,903,all_stops,saturday,13,49,8,39,2,20,27,2
2026-10,903,all_stops,saturday,14,60,12,48,0,21,39,0
2026-10,903,all_stops,saturday,15,54,10,44,0,23,31,0
2026-10,903,all_stops,saturday,16,62,10,52,0,20,42,0
2026-10,903,all_stops,saturday,17,63,12,51,0,25,38,0
2026-10,903,all_stops,saturday,18,61,5,54,2,12,47,2
2026-10,903,all_stops,saturday,19,56,8,48,0,14,42,0
2026-10,903,all_stops,saturday,20,31,2,29,0,8,23,0
2026-10,903,all_stops,sunday,9,63,10,53,0,24,39,0
2026-10,903,all_stops,sunday,10,62,10,52,0,18,44,0
2026-10,903,all_stops,sunday,11,61,4,57,0,12,49,0
2026-10,903,all_stops,sunday,12,60,8,51,1,20,39,1
2026-10,903,all_stops,sunday,13,62,17,45,0,20,42,0
2026-10,903,all_stops,sunday,14,64,11,47,6,22,36,6
2026-10,903,all_stops,sunday,15,63,9,51,3,20,40,3
2026-10,903,all_stops,sunday,16,63,10,53,0,24,39,0
2026-10,903,all_stops,sunday,17,63,10,53,0,17,46,0
2026-10,903,all_stops,sunday,18,23,1,22,0,5,18,0
2026-10,903,all_stops,weekday,6,567,72,476,19,167,381,19
2026-10,903,all_stops,weekday,7,589,82,486,21,183,385,21
2026-10,903,all_stops,weekday,8,569,50,495,24,137,408,24
2026-10,903,all_stops,weekday,9,589,88,484,17,154,418,17
2026-10,903,all_stops,weekday,10,608,82,505,21,184,403,21
2026-10,903,all_stops,weekday,11,598,93,473,32,175,391,32
2026-10,903,all_stops,weekday,12,606,101,488,17,225,364,17
2026-10,903,all_stops,weekday,13,598,79,495,24,165,409,24
2026-10,903,all_stops,weekday,14,608,107,471,30,196,382,30
2026-10,903,all_stops,weekday,15,610,28,522,60,100,450,60
2026-10,903,all_stops,weekday,16,601,25,488,88,87,426,88
2026-10,903,all_stops,weekday,17,593,24,507,62,85,446,62
2026-10,903,all_stops,weekday,18,565,30,461,74,86,405,74
2026-10,903,all_stops,weekday,19,590,81,476,33,177,380,33
2026-10,903,all_stops,weekday,20,602,87,491,24,174,404,24
2026-10,903,all_stops,weekday,21,169,16,145,8,46,115,8
2026-10,903,timepoints,saturday,8,24,0,23,1,1,22,1
2026-10,903,timepoints,saturday,9,24,0,21,3,0,21,3
2026-10,903,timepoints,saturday,10,23,0,21,2,0,21,2
2026-10,903,timepoints,saturday,11,23,0,23,0,1,22,0
2026-10,903,timepoints,saturday,12,24,0,23,1,1,22,1
2026-10,903,timepoints,saturday,13,17,0,16,1,1,15,1
2026-10,903,timepoints,saturday,14,22,1,21,0,2,20,0
2026-10,903,timepoints,saturday,15,20,0,20,0,1,19,0
2026-10,903,timepoints,saturday,16,23,1,22,0,1,22,0
2026-10,903,timepoints,saturday,17,23,0,23,0,0,23,0
2026-10,903,timepoints,saturday,18,23,0,22,1,1,21,1
2026-10,903,timepoints,saturday,19,21,0,21,0,0,21,0
2026-10,903,timepoints,saturday,20,12,0,12,0,0,12,0
2026-10,903,timepoints,sunday,9,24,0,24,0,0,24,0
2026-10,903,timepoints,sunday,10,24,1,23,0,2,22,0
2026-10,903,timepoints,sunday,11,22,0,22,0,1,21,0
2026-10,903,timepoints,sunday,12,23,1,22,0,3,20,0
2026-10,903,timepoints,sunday,13,23,2,21,0,2,21,0
2026-10,903,timepoints,sunday,14,24,1,20,3,1,20,3
2026-10,903,timepoints,sunday,15,23,0,22,1,2,20,1
2026-10,903,timepoints,sunday,16,24,0,24,0,1,23,0
2026-10,903,timepoints,sunday,17,23,0,23,0,0,23,0
2026-10,903,timepoints,sunday,18,9,0,9,0,1,8,0
2026-10,903,timepoints,weekday,6,222,2,209,11,8,203,11
2026-10,903,timepoints,weekday,7,220,2,207,11,12,197,11
2026-10,903,timepoints,weekday,8,217,5,204,8,11,198,8
2026-10,903,timepoints,weekday,9,220,7,206,7,11,202,7
2026-10,903,timepoints,weekday,10,229,6,213,10,11,208,10
2026-10,903,timepoints,weekday,11,225,1,209,15,7,203,15
2026-10,903,timepoints,weekday,12,226,1,220,5,14,207,5
2026-10,903,timepoints,weekday,13,223,4,208,11,11,201,11
2026-10,903,timepoints,weekday,14,227,4,208,15,11,201,15
2026-10,903,timepoints,weekday,15,229,0,204,25,10,194,25
2026-10,903,timepoints,weekday,16,226,0,193,33,6,187,33
2026-10,903,timepoints,weekday,17,219,0,192,27,5,187,27
2026-10,903,timepoints,weekday,18,210,1,177,32,4,174,32
2026-10,903,timepoints,weekday,19,226,6,207,13,21,192,13
2026-10,903,timepoints,weekday,20,225,3,213,9,11,205,9
2026-10,903,timepoints,weekday,21,56,0,53,3,0,53,3
2026-10,904,all_stops,saturday,8,31,7,24,0,15,16,0
2026-10,904,all_stops,saturday,9,32,0,30,2,3,27,2
2026-10,904,all_stops,saturday,10,32,0,30,2,3,27,2
2026-10,904,all_stops,saturday,11,32,4,27,1,7,24,1
2026-10,904,all_stops,saturday,12,31,1,30,0,6,25,0
2026-10,904,all_stops,saturday,13,28,0,28,0,5,23,0
2026-10,904,all_stops,saturday,14,30,3,27,0,9,21,0
2026-10,904,all_stops,saturday,15,32,0,32,0,5,27,0
2026-10,904,all_stops,saturday,16,32,0,32,0,7,25,0
2026-10,904,all_stops,saturday,17,32,3,28,1,5,26,1
2026-10,904,all_stops,saturday,18,32,3,29,0,5,27,0
2026-10,904,all_stops,saturday,19,16,4,12,0,4,12,0
2026-10,904,all_stops,sunday,10,31,1,30,0,5,26,0
2026-10,904,all_stops,sunday,11,32,0,32,0,1,31,0
2026-10,904,all_stops,sunday,12,31,0,31,0,5,26,0
2026-10,904,all_stops,sunday,13,32,2,29,1,6,25,1
2026-10,904,all_stops,sunday,14,32,2,28,2,4,26,2
2026-10,904,all_stops,sunday,15,32,0,32,0,5,27,0
2026-10,904,all_stops,sunday,16,28,1,26,1,3,24,1
2026-10,904,all_stops,sunday,17,15,2,13,0,6,9,0
2026-10,904,all_stops,weekday,6,296,14,277,5,40,251,5
2026-10,904,all_stops,weekday,7,298,18,274,6,49,243,6
2026-10,904,all_stops,weekday,8,286,6,272,8,42,236,8
2026-10,904,all_stops,weekday,9,297,15,279,3,53,241,3
2026-10,904,all_stops,weekday,10,299,26,270,3,68,228,3
2026-10,904,all_stops,weekday,11,298,14,281,3,55,240,3
2026-10,904,all_stops,weekday,12,302,18,273,11,49,242,11
2026-10,904,all_stops,weekday,13,303,18,281,4,60,239,4
2026-10,904,all_stops,weekday,14,294,18,272,4,58,232,4
2026-10,904,all_stops,weekday,15,300,0,257,43,8,249,43
2026-10,904,all_stops,weekday,16,296,1,255,40,21,235,40
2026-10,904,all_stops,weekday,17,298,3,261,34,20,244,34
2026-10,904,all_stops,weekday,18,297,0,255,42,15,240,42
2026-10,904,all_stops,weekday,19,297,8,285,4,50,243,4
2026-10,904,timepoints,saturday,8,15,1,14,0,3,12,0
2026-10,904,timepoints,saturday,9,16,0,14,2,0,14,2
2026-10,904,timepoints,saturday,10,16,0,14,2,0,14,2
2026-10,904,timepoints,saturday,11,16,0,15,1,1,14,1
2026-10,904,timepoints,saturday,12,15,0,15,0,0,15,0
2026-10,904,timepoints,saturday,13,14,0,14,0,1,13,0
2026-10,904,timepoints,saturday,14,14,0,14,0,1,13,0
2026-10,904,timepoints,saturday,15,16,0,16,0,0,16,0
2026-10,904,timepoints,saturday,16,16,0,16,0,0,16,0
2026-10,904,timepoints,saturday,17,16,0,15,1,1,14,1
2026-10,904,timepoints,saturday,18,16,0,16,0,2,14,0
2026-10,904,timepoints,saturday,19,8,1,7,0,1,7,0
2026-10,904,timepoints,sunday,10,16,0,16,0,0,16,0
2026-10,904,timepoints,sunday,11,16,0,16,0,0,16,0
2026-10,904,timepoints,sunday,12,15,0,15,0,0,15,0
2026-10,904,timepoints,sunday,13,16,0,15,1,1,14,1
2026-10,904,timepoints,sunday,14,16,0,14,2,0,14,2
2026-10,904,timepoints,sunday,15,16,0,16,0,0,16,0
2026-10,904,timepoints,sunday,16,14,1,12,1,1,12,1
2026-10,904,timepoints,sunday,17,8,0,8,0,0,8,0
2026-10,904,timepoints,weekday,6,145,1,139,5,6,134,5
2026-10,904,timepoints,weekday,7,150,2,142,6,4,140,6
2026-10,904,timepoints,weekday,8,144,0,136,8,3,133,8
2026-10,904,timepoints,weekday,9,150,3,144,3,8,139,3
2026-10,904,timepoints,weekday,10,149,1,145,3,13,133,3
2026-10,904,timepoints,weekday,11,147,0,144,3,4,140,3
2026-10,904,timepoints,weekday,12,153,2,140,11,5,137,11
2026-10,904,timepoints,weekday,13,150,0,147,3,6,141,3
2026-10,904,timepoints,weekday,14,147,0,143,4,6,137,4
2026-10,904,timepoints,weekday,15,153,0,112,41,4,108,41
2026-10,904,timepoints,weekday,16,147,0,112,35,7,105,35
2026-10,904,timepoints,weekday,17,151,1,120,30,10,111,30
2026-10,904,timepoints,weekday,18,147,0,110,37,6,104,37
2026-10,904,timepoints,weekday,19,152,0,148,4,7,141,4
2026-10,905,all_stops,saturday,9,42,1,32,9,5,28,9
2026-10,905,all_stops,saturday,10,47,0,34,13,0,34,13
2026-10,905,all_stops,saturday,11,48,0,37,11,0,37,11
2026-10,905,all_stops,saturday,12,46,0,39,7,0,39,7
2026-10,905,all_stops,saturday,13,39,1,34,4,4,31,4
2026-10,905,all_stops,saturday,14,47,1,38,8,3,36,8
2026-10,905,all_stops,saturday,15,48,0,43,5,7,36,5
2026-10,905,all_stops,saturday,16,48,1,41,6,8,34,6
2026-10,905,all_stops,saturday,17,40,1,32,7,5,28,7
2026-10,905,all_stops,saturday,18,24,1,19,4,2,18,4
2026-10,905,all_stops,weekday,6,458,5,373,80,30,348,80
2026-10,905,all_stops,weekday,7,446,8,352,86,24,336,86
2026-10,905,all_stops,weekday,8,435,1,332,102,22,311,102
2026-10,905,all_stops,weekday,9,448,8,348,92,37,319,92
2026-10,905,all_stops,weekday,10,451,16,358,77,57,317,77
2026-10,905,all_stops,weekday,11,444,3,352,89,21,334,89
2026-10,905,all_stops,weekday,12,456,7,371,78,31,347,78
2026-10,905,all_stops,weekday,13,442,2,348,92,23,327,92
2026-10,905,all_stops,weekday,14,449,7,341,101,27,321,101
2026-10,905,all_stops,weekday,15,441,7,253,181,19,241,181
2026-10,905,all_stops,weekday,16,449,0,261,188,12,249,188
2026-10,905,all_stops,weekday,17,439,3,254,182,12,245,182
2026-10,905,all_stops,weekday,18,435,2,265,168,17,250,168
2026-10,905,all_stops,weekday,19,449,7,360,82,37,330,82
2026-10,905,all_stops,weekday,20,115,0,91,24,10,81,24
2026-10,905,timepoints,saturday,9,14,0,12,2,0,12,2
2026-10,905,timepoints,saturday,10,16,0,12,4,0,12,4
2026-10,905,timepoints,saturday,11,16,0,15,1,0,15,1
2026-10,905,timepoints,saturday,12,16,0,15,1,0,15,1
2026-10,905,timepoints,saturday,13,14,0,13,1,1,12,1
2026-10,905,timepoints,saturday,14,16,0,14,2,0,14,2
2026-10,905,timepoints,saturday,15,16,0,15,1,1,14,1
2026-10,905,timepoints,saturday,16,16,0,15,1,2,13,1
2026-10,905,timepoints,saturday,17,13,0,11,2,0,11,2
2026-10,905,timepoints,saturday,18,8,0,7,1,0,7,1
2026-10,905,timepoints,weekday,6,156,2,133,21,7,128,21
2026-10,905,timepoints,weekday,7,149,2,126,21,5,123,21
2026-10,905,timepoints,weekday,8,148,0,122,26,3,119,26
2026-10,905,timepoints,weekday,9,152,0,130,22,7,123,22
2026-10,905,timepoints,weekday,10,149,0,133,16,10,123,16
2026-10,905,timepoints,weekday,11,150,2,125,23,5,122,23
2026-10,905,timepoints,weekday,12,153,0,134,19,4,130,19
2026-10,905,timepoints,weekday,13,150,0,129,21,8,121,21
2026-10,905,timepoints,weekday,14,152,1,126,25,7,120,25
2026-10,905,timepoints,weekday,15,148,1,99,48,9,91,48
2026-10,905,timepoints,weekday,16,151,0,99,52,6,93,52
2026-10,905,timepoints,weekday,17,146,2,94,50,4,92,50
2026-10,905,timepoints,weekday,18,143,1,98,44,6,93,44
2026-10,905,timepoints,weekday,19,153,1,134,18,6,129,18
2026-10,905,timepoints,weekday,20,39,0,35,4,3,32,4
2026-10,906,all_stops,saturday,10,16,2,14,0,8,8,0
2026-10,906,all_stops,saturday,13,6,2,4,0,2,4,0
2026-10,906,timepoints,saturday,10,8,0,8,0,2,6,0
2026-10,906,timepoints,saturday,13,3,0,3,0,0,3,0
2026-11,901,all_stops,sunday,9,18,3,15,0,8,10,0
2026-11,901,all_stops,sunday,10,18,2,16,0,5,13,0
2026-11,901,all_stops,sunday,11,18,6,12,0,8,10,0
2026-11,901,all_stops,sunday,12,17,3,14,0,5,12,0
2026-11,901,all_stops,sunday,13,18,1,14,3,1,14,3
2026-11,901,all_stops,sunday,14,18,1,17,0,3,15,0
2026-11,901,all_stops,sunday,15,18,10,8,0,10,8,0
2026-11,901,all_stops,sunday,16,18,1,15,2,4,12,2
2026-11,901,all_stops,sunday,17,17,1,14,2,2,13,2
2026-11,901,all_stops,sunday,18,17,4,13,0,6,11,0
2026-11,901,all_stops,sunday,19,9,0,9,0,1,8,0
2026-11,901,all_stops,weekday,6,29,5,24,0,9,20,0
2026-11,901,all_stops,weekday,7,35,0,34,1,5,29,1
2026-11,901,all_stops,weekday,8,35,0,32,3,4,28,3
2026-11,901,all_stops,weekday,9,36,0,35,1,3,32,1
2026-11,901,all_stops,weekday,10,35,7,28,0,10,25,0
2026-11,901,all_stops,weekday,11,35,2,28,5,6,24,5
2026-11,901,all_stops,weekday,12,35,11,20,4,14,17,4
2026-11,901,all_stops,weekday,13,34,4,28,2,12,20,2
2026-11,901,all_stops,weekday,14,34,4,17,13,6,15,13
2026-11,901,all_stops,weekday,15,36,1,30,5,5,26,5
2026-11,901,all_stops,weekday,16,32,1,23,8,2,22,8
2026-11,901,all_stops,weekday,17,30,1,28,1,4,25,1
2026-11,901,all_stops,weekday,18,36,0,30,6,2,28,6
2026-11,901,all_stops,weekday,19,35,4,31,0,13,22,0
2026-11,901,all_stops,weekday,20,36,8,28,0,14,22,0
2026-11,901,all_stops,weekday,21,34,3,30,1,9,24,1
2026-11,901,all_stops,weekday,22,35,3,28,4,10,21,4
2026-11,901,all_stops,weekday,23,32,4,25,3,12,17,3
2026-11,901,all_stops,weekday,24,2,0,2,0,1,1,0
2026-11,901,timepoints,sunday,9,6,0,6,0,2,4,0
2026-11,901,timepoints,sunday,10,6,0,6,0,0,6,0
2026-11,901,timepoints,sunday,11,6,0,6,0,1,5,0
2026-11,901,timepoints,sunday,12,5,0,5,0,0,5,0
2026-11,901,timepoints,sunday,13,6,0,6,0,0,6,0
2026-11,901,timepoints,sunday,14,6,0,6,0,0,6,0
2026-11,901,timepoints,sunday,15,6,0,6,0,0,6,0
2026-11,901,timepoints,sunday,16,6,0,5,1,0,5,1
2026-11,901,timepoints,sunday,17,5,0,4,1,0,4,1
2026-11,901,timepoints,sunday,18,6,0,6,0,0,6,0
2026-11,901,timepoints,sunday,19,3,0,3,0,1,2,0
2026-11,901,timepoints,weekday,6,11,0,11,0,0,11,0
2026-11,901,timepoints,weekday,7,12,0,12,0,1,11,0
2026-11,901,timepoints,weekday,8,12,0,11,1,0,11,1
2026-11,901,timepoints,weekday,9,12,0,12,0,0,12,0
2026-11,901,timepoints,weekday,10,12,1,11,0,2,10,0
2026-11,901,timepoints,weekday,11,12,0,10,2,2,8,2
2026-11,901,timepoints,weekday,12,12,3,8,1,3,8,1
2026-11,901,timepoints,weekday,13,11,0,11,0,2,9,0
2026-11,901,timepoints,weekday,14,11,0,8,3,1,7,3
2026-11,901,timepoints,weekday,15,12,0,10,2,0,10,2
2026-11,901,timepoints,weekday,16,10,0,7,3,0,7,3
2026-11,901,timepoints,weekday,17,11,0,10,1,1,9,1
2026-11,901,timepoints,weekday,18,12,0,11,1,0,11,1
2026-11,901,timepoints,weekday,19,12,0,12,0,0,12,0
2026-11,901,timepoints,weekday,20,12,1,11,0,2,10,0
2026-11,901,timepoints,weekday,21,11,0,10,1,1,9,1
2026-11,901,timepoints,weekday,22,11,0,11,0,1,10,0
2026-11,901,timepoints,weekday,23,10,0,9,1,0,9,1
2026-11,902,all_stops,sunday,9,15,0,15,0,0,15,0
2026-11,902,all_stops,sunday,10,15,1,13,1,3,11,1
2026-11,902,all_stops,sunday,11,16,1,11,4,4,8,4
2026-11,902,all_stops,sunday,12,14,0,12,2,4,8,2
2026-11,902,all_stops,sunday,13,16,0,13,3,0,13,3
2026-11,902,all_stops,sunday,14,16,0,16,0,0,16,0
2026-11,902,all_stops,sunday,15,16,4,12,0,9,7,0
2026-11,902,all_stops,sunday,16,16,0,16,0,4,12,0
2026-11,902,all_stops,sunday,17,16,5,7,4,6,6,4
2026-11,902,all_stops,sunday,18,8,0,7,1,0,7,1
2026-11,902,all_stops,weekday,6,22,2,20,0,5,17,0
2026-11,902,all_stops,weekday,7,32,1,29,2,7,23,2
2026-11,902,all_stops,weekday,8,32,0,29,3,2,27,3
2026-11,902,all_stops,weekday,9,30,2,28,0,5,25,0
2026-11,902,all_stops,weekday,10,31,8,23,0,11,20,0
2026-11,902,all_stops,weekday,11,32,0,25,7,3,22,7
2026-11,902,all_stops,weekday,12,31,0,28,3,4,24,3
2026-11,902,all_stops,weekday,13,31,3,27,1,5,25,1
2026-11,902,all_stops,weekday,14,31,4,25,2,6,23,2
2026-11,902,all_stops,weekday,15,29,0,17,12,1,16,12
2026-11,902,all_stops,weekday,16,32,4,15,13,6,13,13
2026-11,902,all_stops,weekday,17,30,0,18,12,0,18,12
2026-11,902,all_stops,weekday,18,32,0,25,7,2,23,7
2026-11,902,all_stops,weekday,19,32,3,26,3,7,22,3
2026-11,902,all_stops,weekday,20,31,0,25,6,3,22,6
2026-11,902,all_stops,weekday,21,9,0,3,6,0,3,6
2026-11,902,timepoints,sunday,9,5,0,5,0,0,5,0
2026-11,902,timepoints,sunday,10,5,0,4,1,0,4,1
2026-11,902,timepoints,sunday,11,6,0,5,1,0,5,1
2026-11,902,timepoints,sunday,12,6,0,5,1,0,5,1
2026-11,902,timepoints,sunday,13,6,0,5,1,0,5,1
2026-11,902,timepoints,sunday,14,6,0,6,0,0,6,0
2026-11,902,timepoints,sunday,15,6,1,5,0,3,3,0
2026-11,902,timepoints,sunday,16,6,0,6,0,0,6,0
2026-11,902,timepoints,sunday,17,6,0,5,1,1,4,1
2026-11,902,timepoints,sunday,18,3,0,2,1,0,2,1
2026-11,902,timepoints,weekday,6,9,0,9,0,1,8,0
2026-11,902,timepoints,weekday,7,12,0,11,1,0,11,1
2026-11,902,timepoints,weekday,8,12,0,10,2,0,10,2
2026-11,902,timepoints,weekday,9,10,0,10,0,0,10,0
2026-11,902,timepoints,weekday,10,11,0,11,0,1,10,0
2026-11,902,timepoints,weekday,11,12,0,10,2,0,10,2
2026-11,902,timepoints,weekday,12,12,0,11,1,0,11,1
2026-11,902,timepoints,weekday,13,12,1,10,1,1,10,1
2026-11,902,timepoints,weekday,14,12,0,11,1,0,11,1
2026-11,902,timepoints,weekday,15,10,0,6,4,0,6,4
2026-11,902,timepoints,weekday,16,12,0,7,5,1,6,5
2026-11,902,timepoints,weekday,17,10,0,7,3,0,7,3
2026-11,902,timepoints,weekday,18,12,0,9,3,0,9,3
2026-11,902,timepoints,weekday,19,12,0,11,1,0,11,1
2026-11,902,timepoints,weekday,20,11,0,8,3,0,8,3
2026-11,902,timepoints,weekday,21,3,0,1,2,0,1,2
2026-11,903,all_stops,sunday,9,15,3,12,0,4,11,0
2026-11,903,all_stops,sunday,10,15,1,12,2,3,10,2
2026-11,903,all_stops,sunday,11,14,0,12,2,1,11,2
2026-11,903,all_stops,sunday,12,16,1,15,0,4,12,0
2026-11,903,all_stops,sunday,13,16,3,13,0,6,10,0
2026-11,903,all_stops,sunday,14,16,2,14,0,6,10,0
2026-11,903,all_stops,sunday,15,15,4,11,0,9,6,0
2026-11,903,all_stops,sunday,16,16,2,14,0,6,10,0
2026-11,903,all_stops,sunday,17,15,1,14,0,4,11,0
2026-11,903,all_stops,sunday,18,8,0,8,0,0,8,0
2026-11,903,all_stops,weekday,6,30,6,24,0,13,17,0
2026-11,903,all_stops,weekday,7,32,2,30,0,6,26,0
2026-11,903,all_stops,weekday,8,32,2,29,1,7,24,1
2026-11,903,all_stops,weekday,9,31,8,22,1,15,15,1
2026-11,903,all_stops,weekday,10,31,4,27,0,13,18,0
2026-11,903,all_stops,weekday,11,32,13,18,1,18,13,1
2026-11,903,all_stops,weekday,12,30,1,27,2,8,20,2
2026-11,903,all_stops,weekday,13,23,0,23,0,4,19,0
2026-11,903,all_stops,weekday,14,30,2,28,0,12,18,0
2026-11,903,all_stops,weekday,15,32,1,31,0,9,23,0
2026-11,903,all_stops,weekday,16,32,1,20,11,3,18,11
2026-11,903,all_stops,weekday,17,31,0,25,6,2,23,6
2026-11,903,all_stops,weekday,18,32,1,30,1,4,27,1
2026-11,903,all_stops,weekday,19,31,0,30,1,5,25,1
2026-11,903,all_stops,weekday,20,30,5,25,0,11,19,0
2026-11,903,all_stops,weekday,21,9,4,5,0,5,4,0
2026-11,903,timepoints,sunday,9,6,0,6,0,0,6,0
2026-11,903,timepoints,sunday,10,6,0,5,1,0,5,1
2026-11,903,timepoints,sunday,11,6,0,5,1,0,5,1
2026-11,903,timepoints,sunday,12,6,0,6,0,0,6,0
2026-11,903,timepoints,sunday,13,6,0,6,0,0,6,0
2026-11,903,timepoints,sunday,14,6,0,6,0,0,6,0
2026-11,903,timepoints,sunday,15,6,0,6,0,1,5,0
2026-11,903,timepoints,sunday,16,6,0,6,0,0,6,0
2026-11,903,timepoints,sunday,17,6,0,6,0,0,6,0
2026-11,903,timepoints,sunday,18,3,0,3,0,0,3,0
2026-11,903,timepoints,weekday,6,12,0,12,0,0,12,0
2026-11,903,timepoints,weekday,7,12,0,12,0,0,12,0
2026-11,903,timepoints,weekday,8,12,0,11,1,0,11,1
2026-11,903,timepoints,weekday,9,11,0,11,0,1,10,0
2026-11,903,timepoints,weekday,10,12,1,11,0,1,11,0
2026-11,903,timepoints,weekday,11,12,1,11,0,2,10,0
2026-11,903,timepoints,weekday,12,12,0,11,1,0,11,1
2026-11,903,timepoints,weekday,13,9,0,9,0,0,9,0
2026-11,903,timepoints,weekday,14,12,0,12,0,1,11,0
2026-11,903,timepoints,weekday,15,12,0,12,0,1,11,0
2026-11,903,timepoints,weekday,16,12,0,9,3,1,8,3
2026-11,903,timepoints,weekday,17,11,0,8,3,0,8,3
2026-11,903,timepoints,weekday,18,12,0,12,0,1,11,0
2026-11,903,timepoints,weekday,19,12,0,11,1,0,11,1
2026-11,903,timepoints,weekday,20,11,0,11,0,0,11,0
2026-11,903,timepoints,weekday,21,3,0,3,0,0,3,0
2026-11,904,all_stops,sunday,10,8,0,8,0,3,5,0
2026-11,904,all_stops,sunday,11,8,0,8,0,1,7,0
2026-11,904,all_stops,sunday,12,8,2,6,0,4,4,0
2026-11,904,all_stops,sunday,13,7,2,5,0,2,5,0
2026-11,904,all_stops,sunday,14,8,1,6,1,2,5,1
2026-11,904,all_stops,sunday,15,8,0,7,1,0,7,1
2026-11,904,all_stops,sunday,16,8,0,8,0,2,6,0
2026-11,904,all_stops,sunday,17,4,1,3,0,2,2,0
2026-11,904,all_stops,weekday,6,16,2,14,0,4,12,0
2026-11,904,all_stops,weekday,7,16,1,13,2,3,11,2
2026-11,904,all_stops,weekday,8,16,0,16,0,2,14,0
2026-11,904,all_stops,weekday,9,16,0,16,0,1,15,0
2026-11,904,all_stops,weekday,10,15,1,14,0,2,13,0
2026-11,904,all_stops,weekday,11,16,3,13,0,5,11,0
2026-11,904,all_stops,weekday,12,16,0,16,0,1,15,0
2026-11,904,all_stops,weekday,13,16,2,14,0,4,12,0
2026-11,904,all_stops,weekday,14,16,0,16,0,1,15,0
2026-11,904,all_stops,weekday,15,16,0,11,5,0,11,5
2026-11,904,all_stops,weekday,16,15,0,12,3,1,11,3
2026-11,904,all_stops,weekday,17,16,0,14,2,1,13,2
2026-11,904,all_stops,weekday,18,15,0,12,3,2,10,3
2026-11,904,all_stops,weekday,19,16,3,13,0,6,10,0
2026-11,904,timepoints,sunday,10,4,0,4,0,0,4,0
2026-11,904,timepoints,sunday,11,4,0,4,0,0,4,0
2026-11,904,timepoints,sunday,12,4,0,4,0,0,4,0
2026-11,904,timepoints,sunday,13,4,0,4,0,0,4,0
2026-11,904,timepoints,sunday,14,4,0,3,1,0,3,1
2026-11,904,timepoints,sunday,15,4,0,3,1,0,3,1
2026-11,904,timepoints,sunday,16,4,0,4,0,1,3,0
2026-11,904,timepoints,sunday,17,2,0,2,0,0,2,0
2026-11,904,timepoints,weekday,6,8,0,8,0,0,8,0
2026-11,904,timepoints,weekday,7,8,0,6,2,0,6,2
2026-11,904,timepoints,weekday,8,8,0,8,0,0,8,0
2026-11,904,timepoints,weekday,9,8,0,8,0,0,8,0
2026-11,904,timepoints,weekday,10,8,0,8,0,0,8,0
2026-11,904,timepoints,weekday,11,8,1,7,0,1,7,0
2026-11,904,timepoints,weekday,12,8,0,8,0,0,8,0
2026-11,904,timepoints,weekday,13,8,0,8,0,0,8,0
2026-11,904,timepoints,weekday,14,8,0,8,0,0,8,0
2026-11,904,timepoints,weekday,15,8,0,4,4,0,4,4
2026-11,904,timepoints,weekday,16,7,0,4,3,0,4,3
2026-11,904,timepoints,weekday,17,8,0,6,2,0,6,2
2026-11,904,timepoints,weekday,18,8,0,5,3,1,4,3
2026-11,904,timepoints,weekday,19,8,0,8,0,1,7,0
2026-11,905,all_stops,weekday,6,23,0,22,1,2,20,1
2026-11,905,all_stops,weekday,7,24,0,21,3,1,20,3
2026-11,905,all_stops,weekday,8,24,0,18,6,0,18,6
2026-11,905,all_stops,weekday,9,24,0,23,1,5,18,1
2026-11,905,all_stops,weekday,10,24,0,20,4,0,20,4
2026-11,905,all_stops,weekday,11,24,0,19,5,2,17,5
2026-11,905,all_stops,weekday,12,24,0,23,1,4,19,1
2026-11,905,all_stops,weekday,13,18,0,11,7,0,11,7
2026-11,905,all_stops,weekday,14,23,0,22,1,4,18,1
2026-11,905,all_stops,weekday,15,23,0,17,6,0,17,6
2026-11,905,all_stops,weekday,16,23,0,13,10,0,13,10
2026-11,905,all_stops,weekday,17,24,0,14,10,1,13,10
2026-11,905,all_stops,weekday,18,24,0,13,11,1,12,11
2026-11,905,all_stops,weekday,19,24,0,21,3,0,21,3
2026-11,905,all_stops,weekday,20,6,0,6,0,1,5,0
2026-11,905,timepoints,weekday,6,7,0,7,0,0,7,0
2026-11,905,timepoints,weekday,7,8,0,7,1,0,7,1
2026-11,905,timepoints,weekday,8,8,0,7,1,0,7,1
2026-11,905,timepoints,weekday,9,8,0,8,0,1,7,0
2026-11,905,timepoints,weekday,10,8,0,7,1,0,7,1
2026-11,905,timepoints,weekday,11,8,0,7,1,0,7,1
2026-11,905,timepoints,weekday,12,8,0,8,0,1,7,0
2026-11,905,timepoints,weekday,13,6,0,4,2,0,4,2
2026-11,905,timepoints,weekday,14,7,0,7,0,0,7,0
2026-11,905,timepoints,weekday,15,7,0,6,1,0,6,1
2026-11,905,timepoints,weekday,16,8,0,5,3,0,5,3
2026-11,905,timepoints,weekday,17,8,0,5,3,0,5,3
2026-11,905,timepoints,weekday,18,8,0,5,3,0,5,3
2026-11,905,timepoints,weekday,19,8,0,7,1,0,7,1
2026-11,905,timepoints,weekday,20,2,0,2,0,1,1,0
