date,route,direction_id,scope,n,early,on_time,late,early_alt,on_time_alt,late_alt
2026-10-04,901,0,all_stops,98,13,84,1,23,74,1
2026-10-04,901,0,timepoints,33,2,31,0,3,30,0
2026-10-04,901,1,all_stops,87,7,74,6,19,62,6
2026-10-04,901,1,timepoints,30,0,28,2,0,28,2
2026-10-04,902,0,all_stops,70,8,57,5,16,49,5
2026-10-04,902,0,timepoints,26,0,24,2,0,24,2
2026-10-04,902,1,all_stops,70,1,62,7,6,57,7
2026-10-04,902,1,timepoints,26,0,23,3,0,23,3
2026-10-04,903,0,all_stops,79,12,66,1,27,51,1
2026-10-04,903,0,timepoints,29,1,27,1,2,26,1
2026-10-04,903,1,all_stops,68,11,57,0,20,48,0
2026-10-04,903,1,timepoints,25,1,24,0,2,23,0
2026-10-04,904,0,all_stops,32,0,32,0,5,27,0
2026-10-04,904,0,timepoints,16,0,16,0,0,16,0
2026-10-04,904,1,all_stops,28,2,26,0,4,24,0
2026-10-04,904,1,timepoints,14,0,14,0,0,14,0
2026-10-05,901,0,all_stops,316,35,242,39,76,201,39
2026-10-05,901,0,timepoints,105,2,90,13,5,87,13
2026-10-05,901,1,all_stops,307,26,251,30,69,208,30
2026-10-05,901,1,timepoints,102,2,92,8,4,90,8
2026-10-05,902,0,all_stops,225,8,175,42,25,158,42
2026-10-05,902,0,timepoints,85,0,71,14,1,70,14
2026-10-05,902,1,all_stops,236,12,176,48,33,155,48
2026-10-05,902,1,timepoints,90,2,69,19,4,67,19
2026-10-05,903,0,all_stops,245,26,200,19,57,169,19
2026-10-05,903,0,timepoints,92,0,83,9,4,79,9
2026-10-05,903,1,all_stops,233,33,190,10,63,160,10
2026-10-05,903,1,timepoints,87,0,83,4,0,83,4
2026-10-05,904,0,all_stops,111,5,105,1,22,88,1
2026-10-05,904,0,timepoints,55,0,54,1,5,49,1
2026-10-05,904,1,all_stops,105,5,96,4,21,80,4
2026-10-05,904,1,timepoints,52,0,48,4,5,43,4
2026-10-05,905,0,all_stops,166,0,131,35,8,123,35
2026-10-05,905,0,timepoints,56,0,49,7,2,47,7
2026-10-05,905,1,all_stops,165,4,119,42,11,112,42
2026-10-05,905,1,timepoints,55,1,45,9,3,43,9
2026-10-06,901,0,all_stops,320,35,238,47,74,199,47
2026-10-06,901,0,timepoints,107,5,87,15,11,81,15
2026-10-06,901,1,all_stops,306,27,244,35,63,208,35
2026-10-06,901,1,timepoints,100,1,89,10,6,84,10
2026-10-06,902,0,all_stops,236,12,186,38,27,171,38
2026-10-06,902,0,timepoints,89,1,73,15,3,71,15
2026-10-06,902,1,all_stops,224,7,184,33,31,160,33
2026-10-06,902,1,timepoints,81,0,70,11,1,69,11
2026-10-06,903,0,all_stops,242,20,208,14,48,180,14
2026-10-06,903,0,timepoints,92,3,83,6,3,83,6
2026-10-06,903,1,all_stops,226,28,189,9,72,145,9
2026-10-06,903,1,timepoints,83,0,79,4,4,75,4
2026-10-06,904,0,all_stops,108,5,99,4,14,90,4
2026-10-06,904,0,timepoints,56,0,52,4,2,50,4
2026-10-06,904,1,all_stops,108,6,97,5,13,90,5
2026-10-06,904,1,timepoints,55,0,50,5,5,45,5
2026-10-06,905,0,all_stops,165,2,120,43,14,108,43
2026-10-06,905,0,timepoints,55,0,46,9,1,45,9
2026-10-06,905,1,all_stops,159,1,132,26,7,126,26
2026-10-06,905,1,timepoints,52,0,48,4,0,48,4
2026-10-07,901,0,all_stops,310,22,264,24,60,226,24
2026-10-07,901,0,timepoints,104,0,96,8,1,95,8
2026-10-07,901,1,all_stops,286,21,237,28,57,201,28
2026-10-07,901,1,timepoints,95,0,87,8,4,83,8
2026-10-07,902,0,all_stops,217,1,180,36,27,154,36
2026-10-07,902,0,timepoints,82,0,68,14,1,67,14
2026-10-07,902,1,all_stops,239,13,183,43,31,165,43
2026-10-07,902,1,timepoints,90,1,74,15,3,72,15
2026-10-07,903,0,all_stops,243,21,200,22,57,164,22
2026-10-07,903,0,timepoints,90,2,80,8,7,75,8
2026-10-07,903,1,all_stops,227,41,175,11,71,145,11
2026-10-07,903,1,timepoints,86,3,78,5,7,74,5
2026-10-07,904,0,all_stops,100,3,93,4,15,81,4
2026-10-07,904,0,timepoints,50,0,46,4,2,44,4
2026-10-07,904,1,all_stops,110,3,102,5,15,90,5
2026-10-07,904,1,timepoints,55,0,51,4,1,50,4
2026-10-07,905,0,all_stops,152,1,112,39,7,106,39
2026-10-07,905,0,timepoints,51,0,41,10,1,40,10
2026-10-07,905,1,all_stops,163,1,136,26,12,125,26
2026-10-07,905,1,timepoints,54,0,47,7,3,44,7
2026-10-08,901,0,all_stops,314,31,256,27,72,215,27
2026-10-08,901,0,timepoints,106,2,99,5,5,96,5
2026-10-08,901,1,all_stops,298,16,247,35,54,209,35
2026-10-08,901,1,timepoints,101,1,89,11,2,88,11
2026-10-08,902,0,all_stops,231,10,170,51,26,154,51
2026-10-08,902,0,timepoints,86,0,64,22,3,61,22
2026-10-08,902,1,all_stops,226,5,185,36,19,171,36
2026-10-08,902,1,timepoints,84,0,71,13,1,70,13
2026-10-08,903,0,all_stops,232,20,188,24,61,147,24
2026-10-08,903,0,timepoints,89,0,79,10,2,77,10
2026-10-08,903,1,all_stops,223,23,190,10,60,153,10
2026-10-08,903,1,timepoints,85,1,80,4,2,79,4
2026-10-08,904,0,all_stops,108,8,97,3,26,79,3
2026-10-08,904,0,timepoints,54,1,50,3,4,47,3
2026-10-08,904,1,all_stops,95,3,90,2,12,81,2
2026-10-08,904,1,timepoints,47,1,44,2,3,42,2
2026-10-08,905,0,all_stops,164,1,127,36,7,121,36
2026-10-08,905,0,timepoints,55,0,45,10,1,44,10
2026-10-08,905,1,all_stops,159,2,105,52,14,93,52
2026-10-08,905,1,timepoints,53,1,38,14,4,35,14
2026-10-09,901,0,all_stops,316,40,255,21,83,212,21
2026-10-09,901,0,timepoints,106,1,98,7,3,96,7
2026-10-09,901,1,all_stops,309,33,246,30,68,211,30
2026-10-09,901,1,timepoints,104,1,96,7,4,93,7
2026-10-09,902,0,all_stops,231,20,176,35,37,159,35
2026-10-09,902,0,timepoints,90,0,73,17,3,70,17
2026-10-09,902,1,all_stops,236,3,200,33,27,176,33
2026-10-09,902,1,timepoints,89,1,74,14,4,71,14
2026-10-09,903,0,all_stops,245,25,211,9,64,172,9
2026-10-09,903,0,timepoints,92,0,87,5,3,84,5
2026-10-09,903,1,all_stops,219,28,178,13,68,138,13
2026-10-09,903,1,timepoints,84,1,78,5,3,76,5
2026-10-09,904,0,all_stops,111,1,106,4,11,96,4
2026-10-09,904,0,timepoints,55,0,51,4,1,50,4
2026-10-09,904,1,all_stops,108,6,96,6,18,84,6
2026-10-09,904,1,timepoints,52,0,46,6,3,43,6
2026-10-09,905,0,all_stops,170,1,127,42,5,123,42
2026-10-09,905,0,timepoints,57,1,46,10,2,45,10
2026-10-09,905,1,all_stops,162,0,123,39,6,117,39
2026-10-09,905,1,timepoints,54,0,45,9,2,43,9
2026-10-10,901,0,all_stops,115,18,89,8,36,71,8
2026-10-10,901,0,timepoints,38,0,36,2,3,33,2
2026-10-10,901,1,all_stops,115,7,95,13,23,79,13
2026-10-10,901,1,timepoints,37,1,33,3,3,31,3
2026-10-10,902,0,all_stops,104,0,94,10,6,88,10
2026-10-10,902,0,timepoints,39,0,34,5,1,33,5
2026-10-10,902,1,all_stops,95,3,86,6,17,72,6
2026-10-10,902,1,timepoints,36,0,33,3,1,32,3
2026-10-10,903,0,all_stops,103,9,91,3,25,75,3
2026-10-10,903,0,timepoints,39,0,37,2,0,37,2
2026-10-10,903,1,all_stops,78,12,63,3,24,51,3
2026-10-10,903,1,timepoints,30,1,28,1,2,27,1
2026-10-10,904,0,all_stops,47,6,40,1,13,33,1
2026-10-10,904,0,timepoints,23,2,20,1,3,19,1
2026-10-10,904,1,all_stops,43,0,43,0,4,39,0
2026-10-10,904,1,timepoints,21,0,21,0,0,21,0
2026-10-10,905,0,all_stops,58,2,44,12,8,38,12
2026-10-10,905,0,timepoints,19,0,15,4,1,14,4
2026-10-10,905,1,all_stops,53,1,47,5,3,45,5
2026-10-10,905,1,timepoints,18,0,18,0,0,18,0
2026-10-10,906,0,all_stops,2,0,2,0,1,1,0
2026-10-10,906,0,timepoints,1,0,1,0,0,1,0
2026-10-10,906,1,all_stops,2,0,2,0,1,1,0
2026-10-10,906,1,timepoints,1,0,1,0,0,1,0
2026-10-11,901,0,all_stops,96,1,84,11,17,68,11
2026-10-11,901,0,timepoints,33,0,29,4,2,27,4
2026-10-11,901,1,all_stops,87,14,65,8,26,53,8
2026-10-11,901,1,timepoints,27,0,25,2,0,25,2
2026-10-11,902,0,all_stops,79,3,64,12,12,55,12
2026-10-11,902,0,timepoints,30,0,25,5,1,24,5
2026-10-11,902,1,all_stops,69,8,58,3,14,52,3
2026-10-11,902,1,timepoints,26,2,22,2,3,21,2
2026-10-11,903,0,all_stops,78,13,65,0,30,48,0
2026-10-11,903,0,timepoints,29,1,28,0,3,26,0
2026-10-11,903,1,all_stops,72,4,65,3,11,58,3
2026-10-11,903,1,timepoints,27,0,26,1,0,26,1
2026-10-11,904,0,all_stops,32,3,28,1,3,28,1
2026-10-11,904,0,timepoints,16,0,15,1,0,15,1
2026-10-11,904,1,all_stops,28,1,26,1,3,24,1
2026-10-11,904,1,timepoints,14,1,12,1,2,11,1
2026-10-12,901,0,all_stops,320,51,246,23,92,205,23
2026-10-12,901,0,timepoints,108,2,97,9,10,89,9
2026-10-12,901,1,all_stops,312,43,252,17,85,210,17
2026-10-12,901,1,timepoints,103,3,94,6,5,92,6
2026-10-12,902,0,all_stops,230,10,174,46,31,153,46
2026-10-12,902,0,timepoints,86,0,68,18,2,66,18
2026-10-12,902,1,all_stops,214,14,163,37,38,139,37
2026-10-12,902,1,timepoints,79,1,63,15,5,59,15
2026-10-12,903,0,all_stops,237,19,209,9,50,178,9
2026-10-12,903,0,timepoints,89,2,82,5,5,79,5
2026-10-12,903,1,all_stops,227,24,181,22,65,140,22
2026-10-12,903,1,timepoints,85,0,77,8,4,73,8
2026-10-12,904,0,all_stops,109,1,102,6,7,96,6
2026-10-12,904,0,timepoints,55,0,50,5,0,50,5
2026-10-12,904,1,all_stops,102,9,90,3,22,77,3
2026-10-12,904,1,timepoints,51,1,47,3,1,47,3
2026-10-12,905,0,all_stops,165,3,105,57,11,97,57
2026-10-12,905,0,timepoints,55,0,41,14,4,37,14
2026-10-12,905,1,all_stops,165,4,118,43,14,108,43
2026-10-12,905,1,timepoints,56,2,46,8,3,45,8
2026-10-13,901,0,all_stops,301,28,234,39,64,198,39
2026-10-13,901,0,timepoints,101,0,89,12,3,86,12
2026-10-13,901,1,all_stops,290,24,226,40,52,198,40
2026-10-13,901,1,timepoints,99,0,86,13,1,85,13
2026-10-13,902,0,all_stops,235,4,192,39,20,176,39
2026-10-13,902,0,timepoints,90,0,74,16,2,72,16
2026-10-13,902,1,all_stops,235,12,180,43,42,150,43
2026-10-13,902,1,timepoints,87,0,70,17,2,68,17
2026-10-13,903,0,all_stops,237,20,208,9,51,177,9
2026-10-13,903,0,timepoints,88,2,82,4,4,80,4
2026-10-13,903,1,all_stops,237,31,189,17,66,154,17
2026-10-13,903,1,timepoints,90,0,82,8,6,76,8
2026-10-13,904,0,all_stops,108,6,95,7,21,80,7
2026-10-13,904,0,timepoints,55,0,49,6,4,45,6
2026-10-13,904,1,all_stops,109,5,98,6,14,89,6
2026-10-13,904,1,timepoints,55,0,49,6,3,46,6
2026-10-13,905,0,all_stops,163,4,122,37,11,115,37
2026-10-13,905,0,timepoints,54,0,44,10,5,39,10
2026-10-13,905,1,all_stops,155,2,111,42,10,103,42
2026-10-13,905,1,timepoints,52,0,40,12,2,38,12
2026-10-14,901,0,all_stops,319,35,249,35,75,209,35
2026-10-14,901,0,timepoints,108,0,99,9,7,92,9
2026-10-14,901,1,all_stops,292,20,235,37,48,207,37
2026-10-14,901,1,timepoints,96,0,87,9,6,81,9
2026-10-14,902,0,all_stops,226,4,184,38,20,168,38
2026-10-14,902,0,timepoints,85,0,69,16,1,68,16
2026-10-14,902,1,all_stops,234,26,169,39,51,144,39
2026-10-14,902,1,timepoints,89,0,73,16,2,71,16
2026-10-14,903,0,all_stops,242,30,197,15,63,164,15
2026-10-14,903,0,timepoints,89,0,82,7,3,79,7
2026-10-14,903,1,all_stops,236,41,172,23,81,132,23
2026-10-14,903,1,timepoints,87,0,78,9,7,71,9
2026-10-14,904,0,all_stops,103,1,95,7,12,84,7
2026-10-14,904,0,timepoints,54,0,47,7,1,46,7
2026-10-14,904,1,all_stops,112,2,102,8,14,90,8
2026-10-14,904,1,timepoints,56,0,50,6,0,50,6
2026-10-14,905,0,all_stops,163,0,106,57,3,103,57
2026-10-14,905,0,timepoints,54,0,40,14,1,39,14
2026-10-14,905,1,all_stops,164,1,124,39,11,114,39
2026-10-14,905,1,timepoints,56,0,48,8,2,46,8
2026-10-15,901,0,all_stops,300,33,248,19,73,208,19
2026-10-15,901,0,timepoints,102,1,95,6,3,93,6
2026-10-15,901,1,all_stops,288,30,238,20,71,197,20
2026-10-15,901,1,timepoints,97,1,91,5,4,88,5
2026-10-15,902,0,all_stops,219,13,166,40,42,137,40
2026-10-15,902,0,timepoints,80,0,65,15,5,60,15
2026-10-15,902,1,all_stops,237,13,184,40,41,156,40
2026-10-15,902,1,timepoints,89,0,74,15,3,71,15
2026-10-15,903,0,all_stops,226,31,169,26,60,140,26
2026-10-15,903,0,timepoints,84,2,71,11,4,69,11
2026-10-15,903,1,all_stops,221,32,182,7,64,150,7
2026-10-15,903,1,timepoints,82,1,78,3,4,75,3
2026-10-15,904,0,all_stops,109,3,98,8,12,89,8
2026-10-15,904,0,timepoints,55,0,49,6,3,46,6
2026-10-15,904,1,all_stops,112,6,102,4,21,87,4
2026-10-15,904,1,timepoints,56,1,51,4,5,47,4
2026-10-15,905,0,all_stops,166,4,114,48,15,103,48
2026-10-15,905,0,timepoints,56,0,42,14,4,38,14
2026-10-15,905,1,all_stops,164,3,125,36,12,116,36
2026-10-15,905,1,timepoints,56,1,46,9,2,45,9
2026-10-16,901,0,all_stops,317,31,245,41,66,210,41
2026-10-16,901,0,timepoints,107,0,95,12,2,93,12
2026-10-16,901,1,all_stops,305,25,265,15,69,221,15
2026-10-16,901,1,timepoints,105,1,100,4,4,97,4
2026-10-16,902,0,all_stops,235,16,180,39,39,157,39
2026-10-16,902,0,timepoints,90,2,73,15,4,71,15
2026-10-16,902,1,all_stops,225,8,173,44,26,155,44
2026-10-16,902,1,timepoints,85,0,66,19,4,62,19
2026-10-16,903,0,all_stops,241,20,216,5,57,179,5
2026-10-16,903,0,timepoints,91,2,87,2,5,84,2
2026-10-16,903,1,all_stops,227,24,186,17,48,162,17
2026-10-16,903,1,timepoints,86,0,78,8,2,76,8
2026-10-16,904,0,all_stops,107,0,100,7,9,91,7
2026-10-16,904,0,timepoints,54,0,47,7,0,47,7
2026-10-16,904,1,all_stops,110,4,100,6,20,84,6
2026-10-16,904,1,timepoints,56,0,50,6,2,48,6
2026-10-16,905,0,all_stops,169,3,120,46,8,115,46
2026-10-16,905,0,timepoints,58,1,44,13,3,42,13
2026-10-16,905,1,all_stops,161,6,114,41,16,104,41
2026-10-16,905,1,timepoints,54,2,41,11,6,37,11
2026-10-17,901,0,all_stops,119,14,103,2,29,88,2
2026-10-17,901,0,timepoints,40,0,39,1,2,37,1
2026-10-17,901,1,all_stops,108,17,86,5,38,65,5
2026-10-17,901,1,timepoints,36,0,34,2,3,31,2
2026-10-17,902,0,all_stops,91,11,75,5,22,64,5
2026-10-17,902,0,timepoints,35,1,31,3,3,29,3
2026-10-17,902,1,all_stops,86,6,74,6,17,63,6
2026-10-17,902,1,timepoints,32,1,29,2,2,28,2
2026-10-17,903,0,all_stops,95,15,80,0,31,64,0
2026-10-17,903,0,timepoints,35,1,34,0,1,34,0
2026-10-17,903,1,all_stops,87,16,71,0,30,57,0
2026-10-17,903,1,timepoints,32,0,32,0,3,29,0
2026-10-17,904,0,all_stops,48,5,41,2,11,35,2
2026-10-17,904,0,timepoints,24,0,22,2,2,20,2
2026-10-17,904,1,all_stops,40,6,34,0,11,29,0
2026-10-17,904,1,timepoints,20,0,20,0,1,19,0
2026-10-17,905,0,all_stops,56,1,51,4,10,42,4
2026-10-17,905,0,timepoints,20,0,19,1,1,18,1
2026-10-17,905,1,all_stops,48,2,38,8,5,35,8
2026-10-17,905,1,timepoints,16,0,14,2,1,13,2
2026-10-17,906,0,all_stops,4,1,3,0,2,2,0
2026-10-17,906,0,timepoints,2,0,2,0,0,2,0
2026-10-17,906,1,all_stops,2,0,2,0,0,2,0
2026-10-17,906,1,timepoints,1,0,1,0,0,1,0
2026-10-18,901,0,all_stops,86,7,70,9,33,44,9
2026-10-18,901,0,timepoints,28,0,26,2,1,25,2
2026-10-18,901,1,all_stops,88,11,76,1,22,65,1
2026-10-18,901,1,timepoints,30,1,29,0,2,28,0
2026-10-18,902,0,all_stops,78,1,61,16,9,53,16
2026-10-18,902,0,timepoints,30,0,24,6,1,23,6
2026-10-18,902,1,all_stops,60,2,52,6,6,48,6
2026-10-18,902,1,timepoints,22,0,19,3,0,19,3
2026-10-18,903,0,all_stops,71,4,67,0,21,50,0
2026-10-18,903,0,timepoints,27,0,27,0,0,27,0
2026-10-18,903,1,all_stops,70,20,50,0,32,38,0
2026-10-18,903,1,timepoints,27,1,26,0,3,24,0
2026-10-18,904,0,all_stops,28,0,28,0,7,21,0
2026-10-18,904,0,timepoints,14,0,14,0,0,14,0
2026-10-18,904,1,all_stops,27,2,25,0,5,22,0
2026-10-18,904,1,timepoints,14,0,14,0,0,14,0
2026-10-19,901,0,all_stops,318,33,248,37,57,224,37
2026-10-19,901,0,timepoints,106,0,95,11,0,95,11
2026-10-19,901,1,all_stops,304,52,218,34,94,176,34
2026-10-19,901,1,timepoints,102,2,90,10,7,85,10
2026-10-19,902,0,all_stops,212,17,164,31,38,143,31
2026-10-19,902,0,timepoints,82,0,70,12,2,68,12
2026-10-19,902,1,all_stops,230,7,180,43,27,160,43
2026-10-19,902,1,timepoints,86,0,67,19,2,65,19
2026-10-19,903,0,all_stops,240,27,194,19,61,160,19
2026-10-19,903,0,timepoints,90,0,81,9,2,79,9
2026-10-19,903,1,all_stops,236,24,197,15,53,168,15
2026-10-19,903,1,timepoints,89,0,83,6,3,80,6
2026-10-19,904,0,all_stops,108,3,102,3,11,94,3
2026-10-19,904,0,timepoints,54,0,51,3,1,50,3
2026-10-19,904,1,all_stops,110,8,98,4,22,84,4
2026-10-19,904,1,timepoints,54,0,50,4,3,47,4
2026-10-19,905,0,all_stops,173,0,130,43,7,123,43
2026-10-19,905,0,timepoints,58,0,51,7,3,48,7
2026-10-19,905,1,all_stops,165,3,128,34,13,118,34
2026-10-19,905,1,timepoints,55,1,45,9,2,44,9
2026-10-20,901,0,all_stops,301,36,244,21,87,193,21
2026-10-20,901,0,timepoints,101,1,94,6,5,90,6
2026-10-20,901,1,all_stops,291,31,220,40,79,172,40
2026-10-20,901,1,timepoints,99,2,84,13,8,78,13
2026-10-20,902,0,all_stops,233,5,186,42,27,164,42
2026-10-20,902,0,timepoints,88,0,72,16,3,69,16
2026-10-20,902,1,all_stops,234,7,163,64,19,151,64
2026-10-20,902,1,timepoints,87,0,60,27,2,58,27
2026-10-20,903,0,all_stops,242,40,197,5,84,153,5
2026-10-20,903,0,timepoints,89,4,83,2,7,80,2
2026-10-20,903,1,all_stops,232,24,195,13,59,160,13
2026-10-20,903,1,timepoints,88,1,82,5,5,78,5
2026-10-20,904,0,all_stops,103,3,92,8,10,85,8
2026-10-20,904,0,timepoints,52,0,45,7,1,44,7
2026-10-20,904,1,all_stops,106,0,103,3,15,88,3
2026-10-20,904,1,timepoints,52,0,49,3,4,45,3
2026-10-20,905,0,all_stops,164,1,132,31,12,121,31
2026-10-20,905,0,timepoints,56,0,48,8,2,46,8
2026-10-20,905,1,all_stops,163,2,124,37,7,119,37
2026-10-20,905,1,timepoints,55,0,44,11,0,44,11
2026-10-21,901,0,all_stops,309,26,264,19,57,233,19
2026-10-21,901,0,timepoints,103,0,96,7,3,93,7
2026-10-21,901,1,all_stops,297,8,250,39,34,224,39
2026-10-21,901,1,timepoints,101,0,90,11,1,89,11
2026-10-21,902,0,all_stops,230,13,183,34,32,164,34
2026-10-21,902,0,timepoints,88,0,76,12,1,75,12
2026-10-21,902,1,all_stops,235,10,180,45,26,164,45
2026-10-21,902,1,timepoints,89,0,69,20,3,66,20
2026-10-21,903,0,all_stops,233,34,181,18,70,145,18
2026-10-21,903,0,timepoints,87,2,77,8,6,73,8
2026-10-21,903,1,all_stops,232,31,188,13,66,153,13
2026-10-21,903,1,timepoints,88,3,80,5,6,77,5
2026-10-21,904,0,all_stops,105,6,94,5,19,81,5
2026-10-21,904,0,timepoints,51,0,47,4,3,44,4
2026-10-21,904,1,all_stops,110,4,98,8,13,89,8
2026-10-21,904,1,timepoints,54,1,45,8,2,44,8
2026-10-21,905,0,all_stops,166,6,113,47,17,102,47
2026-10-21,905,0,timepoints,55,0,43,12,4,39,12
2026-10-21,905,1,all_stops,161,0,131,30,7,124,30
2026-10-21,905,1,timepoints,53,0,46,7,3,43,7
2026-10-22,901,0,all_stops,117,14,94,9,28,80,9
2026-10-22,901,0,timepoints,42,0,38,4,0,38,4
2026-10-22,901,1,all_stops,127,12,102,13,28,86,13
2026-10-22,901,1,timepoints,43,0,43,0,1,42,0
2026-10-22,902,0,all_stops,95,2,79,14,13,68,14
2026-10-22,902,0,timepoints,38,0,34,4,1,33,4
2026-10-22,902,1,all_stops,77,6,68,3,16,58,3
2026-10-22,902,1,timepoints,25,1,23,1,1,23,1
2026-10-22,903,0,all_stops,88,10,74,4,24,60,4
2026-10-22,903,0,timepoints,31,0,29,2,2,27,2
2026-10-22,903,1,all_stops,92,7,78,7,24,61,7
2026-10-22,903,1,timepoints,30,1,25,4,3,23,4
2026-10-22,904,0,all_stops,40,0,39,1,3,36,1
2026-10-22,904,0,timepoints,21,0,20,1,1,19,1
2026-10-22,904,1,all_stops,43,2,36,5,8,30,5
2026-10-22,904,1,timepoints,23,0,19,4,2,17,4
2026-10-22,905,0,all_stops,64,0,47,17,3,44,17
2026-10-22,905,0,timepoints,27,0,22,5,1,21,5
2026-10-22,905,1,all_stops,60,0,43,17,1,42,17
2026-10-22,905,1,timepoints,21,0,15,6,0,15,6
2026-10-23,901,0,all_stops,307,29,242,36,63,208,36
2026-10-23,901,0,timepoints,103,0,92,11,6,86,11
2026-10-23,901,1,all_stops,287,14,241,32,37,218,32
2026-10-23,901,1,timepoints,95,0,86,9,5,81,9
2026-10-23,902,0,all_stops,237,13,192,32,35,170,32
2026-10-23,902,0,timepoints,89,0,77,12,2,75,12
2026-10-23,902,1,all_stops,229,5,190,34,27,168,34
2026-10-23,902,1,timepoints,86,0,71,15,1,70,15
2026-10-23,903,0,all_stops,226,23,188,15,51,160,15
2026-10-23,903,0,timepoints,86,0,81,5,1,80,5
2026-10-23,903,1,all_stops,235,33,189,13,53,169,13
2026-10-23,903,1,timepoints,88,1,82,5,2,81,5
2026-10-23,904,0,all_stops,108,3,101,4,12,92,4
2026-10-23,904,0,timepoints,54,0,50,4,2,48,4
2026-10-23,904,1,all_stops,111,6,103,2,10,99,2
2026-10-23,904,1,timepoints,55,0,53,2,0,53,2
2026-10-23,905,0,all_stops,170,1,126,43,9,118,43
2026-10-23,905,0,timepoints,55,0,46,9,3,43,9
2026-10-23,905,1,all_stops,159,5,112,42,16,101,42
2026-10-23,905,1,timepoints,54,0,43,11,2,41,11
2026-10-24,901,0,all_stops,125,27,86,12,47,66,12
2026-10-24,901,0,timepoints,42,3,37,2,4,36,2
2026-10-24,901,1,all_stops,114,15,91,8,37,69,8
2026-10-24,901,1,timepoints,38,1,35,2,5,31,2
2026-10-24,902,0,all_stops,103,6,84,13,21,69,13
2026-10-24,902,0,timepoints,39,0,34,5,1,33,5
2026-10-24,902,1,all_stops,93,2,83,8,15,70,8
2026-10-24,902,1,timepoints,35,0,32,3,0,32,3
2026-10-24,903,0,all_stops,103,6,91,6,21,76,6
2026-10-24,903,0,timepoints,39,0,37,2,0,37,2
2026-10-24,903,1,all_stops,94,12,78,4,29,61,4
2026-10-24,903,1,timepoints,35,0,34,1,1,33,1
2026-10-24,904,0,all_stops,48,3,45,0,14,34,0
2026-10-24,904,0,timepoints,24,0,24,0,3,21,0
2026-10-24,904,1,all_stops,44,1,43,0,7,37,0
2026-10-24,904,1,timepoints,22,0,22,0,0,22,0
2026-10-24,905,0,all_stops,54,0,42,12,3,39,12
2026-10-24,905,0,timepoints,18,0,16,2,0,16,2
2026-10-24,905,1,all_stops,53,0,49,4,4,45,4
2026-10-24,905,1,timepoints,18,0,17,1,1,16,1
2026-10-24,906,0,all_stops,4,1,3,0,1,3,0
2026-10-24,906,0,timepoints,2,0,2,0,0,2,0
2026-10-24,906,1,all_stops,2,0,2,0,2,0,0
2026-10-24,906,1,timepoints,1,0,1,0,1,0,0
2026-10-25,901,0,all_stops,98,9,86,3,24,71,3
2026-10-25,901,0,timepoints,33,0,32,1,2,30,1
2026-10-25,901,1,all_stops,89,3,76,10,14,65,10
2026-10-25,901,1,timepoints,30,0,27,3,1,26,3
2026-10-25,902,0,all_stops,79,7,67,5,13,61,5
2026-10-25,902,0,timepoints,30,0,27,3,0,27,3
2026-10-25,902,1,all_stops,72,7,57,8,14,50,8
2026-10-25,902,1,timepoints,27,1,23,3,3,21,3
2026-10-25,903,0,all_stops,76,13,62,1,20,55,1
2026-10-25,903,0,timepoints,28,0,28,0,0,28,0
2026-10-25,903,1,all_stops,70,13,52,5,21,44,5
2026-10-25,903,1,timepoints,27,1,24,2,3,22,2
2026-10-25,904,0,all_stops,30,0,29,1,5,24,1
2026-10-25,904,0,timepoints,15,0,14,1,0,14,1
2026-10-25,904,1,all_stops,28,0,27,1,3,24,1
2026-10-25,904,1,timepoints,14,0,13,1,0,13,1
2026-10-26,901,0,all_stops,308,40,238,30,80,198,30
2026-10-26,901,0,timepoints,105,2,93,10,7,88,10
2026-10-26,901,1,all_stops,310,26,260,24,50,236,24
2026-10-26,901,1,timepoints,104,1,97,6,2,96,6
2026-10-26,902,0,all_stops,237,12,189,36,32,169,36
2026-10-26,902,0,timepoints,90,0,75,15,4,71,15
2026-10-26,902,1,all_stops,232,12,203,17,45,170,17
2026-10-26,902,1,timepoints,87,0,80,7,2,78,7
2026-10-26,903,0,all_stops,233,15,201,17,44,172,17
2026-10-26,903,0,timepoints,87,0,82,5,3,79,5
2026-10-26,903,1,all_stops,235,21,202,12,51,172,12
2026-10-26,903,1,timepoints,88,0,83,5,4,79,5
2026-10-26,904,0,all_stops,106,4,96,6,13,87,6
2026-10-26,904,0,timepoints,53,0,48,5,2,46,5
2026-10-26,904,1,all_stops,105,4,99,2,18,85,2
2026-10-26,904,1,timepoints,53,0,51,2,2,49,2
2026-10-26,905,0,all_stops,172,2,127,43,9,120,43
2026-10-26,905,0,timepoints,57,0,47,10,1,46,10
2026-10-26,905,1,all_stops,164,1,111,52,10,102,52
2026-10-26,905,1,timepoints,56,0,40,16,2,38,16
2026-10-27,901,0,all_stops,317,37,252,28,80,209,28
2026-10-27,901,0,timepoints,107,0,97,10,2,95,10
2026-10-27,901,1,all_stops,299,49,220,30,76,193,30
2026-10-27,901,1,timepoints,99,4,88,7,7,85,7
2026-10-27,902,0,all_stops,232,6,188,38,29,165,38
2026-10-27,902,0,timepoints,89,0,74,15,0,74,15
2026-10-27,902,1,all_stops,225,15,186,24,36,165,24
2026-10-27,902,1,timepoints,85,1,74,10,3,72,10
2026-10-27,903,0,all_stops,241,26,198,17,61,163,17
2026-10-27,903,0,timepoints,93,2,84,7,4,82,7
2026-10-27,903,1,all_stops,225,15,192,18,44,163,18
2026-10-27,903,1,timepoints,85,0,77,8,4,73,8
2026-10-27,904,0,all_stops,108,0,101,7,11,90,7
2026-10-27,904,0,timepoints,53,0,46,7,2,44,7
2026-10-27,904,1,all_stops,106,4,92,10,12,84,10
2026-10-27,904,1,timepoints,54,0,45,9,1,44,9
2026-10-27,905,0,all_stops,166,2,121,43,10,113,43
2026-10-27,905,0,timepoints,55,0,43,12,1,42,12
2026-10-27,905,1,all_stops,163,3,109,51,12,100,51
2026-10-27,905,1,timepoints,55,1,40,14,4,37,14
2026-10-28,901,0,all_stops,300,24,229,47,55,198,47
2026-10-28,901,0,timepoints,99,0,85,14,2,83,14
2026-10-28,901,1,all_stops,298,34,225,39,75,184,39
2026-10-28,901,1,timepoints,101,0,90,11,4,86,11
2026-10-28,902,0,all_stops,219,3,178,38,17,164,38
2026-10-28,902,0,timepoints,82,0,67,15,2,65,15
2026-10-28,902,1,all_stops,227,4,173,50,18,159,50
2026-10-28,902,1,timepoints,85,0,61,24,2,59,24
2026-10-28,903,0,all_stops,231,26,193,12,61,158,12
2026-10-28,903,0,timepoints,89,1,82,6,4,79,6
2026-10-28,903,1,all_stops,226,38,172,16,67,143,16
2026-10-28,903,1,timepoints,85,1,78,6,3,76,6
2026-10-28,904,0,all_stops,104,3,95,6,16,82,6
2026-10-28,904,0,timepoints,52,1,45,6,1,45,6
2026-10-28,904,1,all_stops,107,5,88,14,14,79,14
2026-10-28,904,1,timepoints,54,0,43,11,3,40,11
2026-10-28,905,0,all_stops,161,1,117,43,5,113,43
2026-10-28,905,0,timepoints,54,0,43,11,1,42,11
2026-10-28,905,1,all_stops,157,0,111,46,3,108,46
2026-10-28,905,1,timepoints,53,0,39,14,1,38,14
2026-10-29,901,0,all_stops,307,28,260,19,86,202,19
2026-10-29,901,0,timepoints,103,1,95,7,5,91,7
2026-10-29,901,1,all_stops,280,16,251,13,48,219,13
2026-10-29,901,1,timepoints,94,0,89,5,1,88,5
2026-10-29,902,0,all_stops,234,7,196,31,28,175,31
2026-10-29,902,0,timepoints,88,1,75,12,4,72,12
2026-10-29,902,1,all_stops,234,8,200,26,21,187,26
2026-10-29,902,1,timepoints,88,0,76,12,2,74,12
2026-10-29,903,0,all_stops,246,32,203,11,64,171,11
2026-10-29,903,0,timepoints,93,3,85,5,7,81,5
2026-10-29,903,1,all_stops,227,29,179,19,60,148,19
2026-10-29,903,1,timepoints,85,2,75,8,2,75,8
2026-10-29,904,0,all_stops,110,8,97,5,15,90,5
2026-10-29,904,0,timepoints,55,3,47,5,3,47,5
2026-10-29,904,1,all_stops,105,5,94,6,15,84,6
2026-10-29,904,1,timepoints,52,1,46,5,2,45,5
2026-10-29,905,0,all_stops,169,0,120,49,9,111,49
2026-10-29,905,0,timepoints,58,0,44,14,2,42,14
2026-10-29,905,1,all_stops,166,2,125,39,12,115,39
2026-10-29,905,1,timepoints,55,0,46,9,3,43,9
2026-10-30,901,0,all_stops,306,33,236,37,77,192,37
2026-10-30,901,0,timepoints,103,1,89,13,5,85,13
2026-10-30,901,1,all_stops,310,60,229,21,99,190,21
2026-10-30,901,1,timepoints,105,1,98,6,4,95,6
2026-10-30,902,0,all_stops,229,12,177,40,30,159,40
2026-10-30,902,0,timepoints,85,1,69,15,4,66,15
2026-10-30,902,1,all_stops,226,15,177,34,35,157,34
2026-10-30,902,1,timepoints,87,0,73,14,3,70,14
2026-10-30,903,0,all_stops,244,26,212,6,59,179,6
2026-10-30,903,0,timepoints,91,0,88,3,2,86,3
2026-10-30,903,1,all_stops,232,27,192,13,59,160,13
2026-10-30,903,1,timepoints,87,2,79,6,4,77,6
2026-10-30,904,0,all_stops,109,6,97,6,12,91,6
2026-10-30,904,0,timepoints,55,0,50,5,1,49,5
2026-10-30,904,1,all_stops,112,3,104,5,20,87,5
2026-10-30,904,1,timepoints,56,0,51,5,3,48,5
2026-10-30,905,0,all_stops,168,2,122,44,10,114,44
2026-10-30,905,0,timepoints,58,0,46,12,1,45,12
2026-10-30,905,1,all_stops,166,2,119,45,5,116,45
2026-10-30,905,1,timepoints,56,1,44,11,3,42,11
2026-10-31,901,0,all_stops,125,14,105,6,33,86,6
2026-10-31,901,0,timepoints,41,0,39,2,1,38,2
2026-10-31,901,1,all_stops,114,22,89,3,38,73,3
2026-10-31,901,1,timepoints,38,1,36,1,2,35,1
2026-10-31,902,0,all_stops,103,14,77,12,25,66,12
2026-10-31,902,0,timepoints,38,2,31,5,4,29,5
2026-10-31,902,1,all_stops,94,4,79,11,17,66,11
2026-10-31,902,1,timepoints,34,0,30,4,1,29,4
2026-10-31,903,0,all_stops,97,6,86,5,19,73,5
2026-10-31,903,0,timepoints,36,0,34,2,1,33,2
2026-10-31,903,1,all_stops,93,9,82,2,21,70,2
2026-10-31,903,1,timepoints,33,0,32,1,1,31,1
2026-10-31,904,0,all_stops,46,1,43,2,7,37,2
2026-10-31,904,0,timepoints,22,0,20,2,0,20,2
2026-10-31,904,1,all_stops,44,3,40,1,7,36,1
2026-10-31,904,1,timepoints,22,0,21,1,1,20,1
2026-10-31,905,0,all_stops,54,0,40,14,1,39,14
2026-10-31,905,0,timepoints,18,0,16,2,0,16,2
2026-10-31,905,1,all_stops,53,0,38,15,0,38,15
2026-10-31,905,1,timepoints,18,0,14,4,0,14,4
2026-10-31,906,0,all_stops,4,2,2,0,3,1,0
2026-10-31,906,0,timepoints,2,0,2,0,1,1,0
2026-10-31,906,1,all_stops,2,0,2,0,0,2,0
2026-10-31,906,1,timepoints,1,0,1,0,0,1,0
2026-11-01,901,0,all_stops,97,13,80,4,23,70,4
2026-11-01,901,0,timepoints,32,0,31,1,2,29,1
2026-11-01,901,1,all_stops,89,19,67,3,30,56,3
2026-11-01,901,1,timepoints,29,0,28,1,2,26,1
2026-11-01,902,0,all_stops,78,1,65,12,12,54,12
2026-11-01,902,0,timepoints,28,0,24,4,1,23,4
2026-11-01,902,1,all_stops,70,10,57,3,18,49,3
2026-11-01,902,1,timepoints,27,1,24,2,3,22,2
2026-11-01,903,0,all_stops,77,5,70,2,12,63,2
2026-11-01,903,0,timepoints,30,0,29,1,0,29,1
2026-11-01,903,1,all_stops,69,12,55,2,31,36,2
2026-11-01,903,1,timepoints,27,0,26,1,1,25,1
2026-11-01,904,0,all_stops,32,5,25,2,8,22,2
2026-11-01,904,0,timepoints,16,0,14,2,0,14,2
2026-11-01,904,1,all_stops,27,1,26,0,8,19,0
2026-11-01,904,1,timepoints,14,0,14,0,1,13,0
2026-11-02,901,0,all_stops,319,25,267,27,62,230,27
2026-11-02,901,0,timepoints,106,2,97,7,6,93,7
2026-11-02,901,1,all_stops,297,33,234,30,79,188,30
2026-11-02,901,1,timepoints,100,3,88,9,10,81,9
2026-11-02,902,0,all_stops,233,14,185,34,33,166,34
2026-11-02,902,0,timepoints,85,1,72,12,3,70,12
2026-11-02,902,1,all_stops,234,13,178,43,34,157,43
2026-11-02,902,1,timepoints,87,0,70,17,1,69,17
2026-11-02,903,0,all_stops,233,31,191,11,66,156,11
2026-11-02,903,0,timepoints,89,2,83,4,3,82,4
2026-11-02,903,1,all_stops,235,19,203,13,69,153,13
2026-11-02,903,1,timepoints,88,0,83,5,5,78,5
2026-11-02,904,0,all_stops,111,3,99,9,10,92,9
2026-11-02,904,0,timepoints,56,0,47,9,1,46,9
2026-11-02,904,1,all_stops,110,9,95,6,23,81,6
2026-11-02,904,1,timepoints,55,1,49,5,2,48,5
2026-11-02,905,0,all_stops,166,0,132,34,11,121,34
2026-11-02,905,0,timepoints,54,0,46,8,3,43,8
2026-11-02,905,1,all_stops,166,0,131,35,10,121,35
2026-11-02,905,1,timepoints,55,0,46,9,0,46,9
