month,route,direction_id,scope,day_type,n,early,on_time,late,early_alt,on_time_alt,late_alt,under,m_10,m_9,m_8,m_7,m_6,m_5,m_4,m_3,m_2,m_1,m0,m1,m2,m3,m4,m5,m6,m7,m8,m9,m10,m11,m12,m13,m14,m15,m16,m17,m18,m19,over
2026-10,901,0,all_stops,saturday,484,73,383,28,145,311,28,0,0,0,0,0,0,0,4,17,52,72,139,81,47,29,15,10,6,5,3,1,2,0,1,0,0,0,0,0,0,0,0
2026-10,901,0,all_stops,sunday,378,30,324,24,97,257,24,0,0,0,0,0,0,0,2,7,21,67,99,79,45,23,11,11,6,5,2,0,0,0,0,0,0,0,0,0,0,0,0
2026-10,901,0,all_stops,weekday,6023,641,4784,598,1405,4020,598,0,0,0,1,1,3,10,45,136,445,764,1614,1016,648,444,291,231,164,84,59,24,15,11,9,4,3,0,1,0,0,0,0
2026-10,901,0,timepoints,saturday,161,3,151,7,10,144,7,0,0,0,0,0,0,0,0,0,3,7,74,33,17,12,8,2,2,2,0,1,0,0,0,0,0,0,0,0,0,0,0
2026-10,901,0,timepoints,sunday,127,2,118,7,8,112,7,0,0,0,0,0,0,0,0,0,2,6,50,32,19,7,4,3,2,2,0,0,0,0,0,0,0,0,0,0,0,0,0
2026-10,901,0,timepoints,weekday,2026,18,1819,189,85,1752,189,0,0,0,0,0,0,0,1,5,12,67,864,387,233,164,101,84,56,27,8,6,4,6,1,0,0,0,0,0,0,0,0
2026-10,901,1,all_stops,saturday,451,61,361,29,136,286,29,0,0,0,0,0,0,0,3,15,43,75,127,90,35,25,9,14,2,5,4,3,1,0,0,0,0,0,0,0,0,0,0
2026-10,901,1,all_stops,sunday,351,35,291,25,81,245,25,0,0,0,0,0,0,2,1,7,25,46,109,63,40,19,14,10,5,1,6,3,0,0,0,0,0,0,0,0,0,0,0
2026-10,901,1,all_stops,weekday,5796,567,4657,572,1256,3968,572,0,0,0,0,1,3,9,33,132,389,689,1545,1027,638,436,319,224,138,90,57,33,16,10,2,2,0,0,2,0,1,0,0
2026-10,901,1,timepoints,saturday,149,3,138,8,13,128,8,0,0,0,0,0,0,0,0,0,3,10,60,45,15,4,4,5,1,1,0,1,0,0,0,0,0,0,0,0,0,0,0
2026-10,901,1,timepoints,sunday,117,1,109,7,3,107,7,0,0,0,0,0,0,0,0,0,1,2,48,32,13,9,5,4,0,1,1,1,0,0,0,0,0,0,0,0,0,0,0
2026-10,901,1,timepoints,weekday,1945,20,1766,159,80,1706,159,0,0,0,0,0,0,0,0,4,16,60,783,412,243,164,102,77,35,21,18,7,0,1,1,0,0,0,1,0,0,0,0
2026-10,902,0,all_stops,saturday,401,31,330,40,74,287,40,0,0,0,1,0,2,0,1,8,19,43,101,80,47,33,25,15,11,7,6,2,0,0,0,0,0,0,0,0,0,0,0
2026-10,902,0,all_stops,sunday,306,19,249,38,50,218,38,0,0,0,0,0,0,0,0,2,17,31,71,61,30,31,24,12,14,10,1,0,1,1,0,0,0,0,0,0,0,0,0
2026-10,902,0,all_stops,weekday,4443,188,3515,740,575,3128,740,0,0,0,0,0,0,0,4,39,145,387,1048,747,544,409,372,247,172,116,90,60,27,19,7,6,3,0,1,0,0,0,0
2026-10,902,0,timepoints,saturday,151,3,130,18,9,124,18,0,0,0,0,0,1,0,0,0,2,6,56,27,20,11,10,6,6,4,1,1,0,0,0,0,0,0,0,0,0,0,0
2026-10,902,0,timepoints,sunday,116,0,100,16,2,98,16,0,0,0,0,0,0,0,0,0,0,2,37,28,8,18,7,3,6,6,0,0,0,1,0,0,0,0,0,0,0,0,0
2026-10,902,0,timepoints,weekday,1682,5,1387,290,48,1344,290,0,0,0,0,0,0,0,0,0,5,43,543,289,187,168,153,98,61,45,39,29,9,6,5,1,1,0,0,0,0,0,0
2026-10,902,1,all_stops,saturday,368,15,322,31,66,271,31,0,0,0,0,0,0,0,0,2,13,51,93,70,44,35,29,16,6,4,1,1,3,0,0,0,0,0,0,0,0,0,0
2026-10,902,1,all_stops,sunday,271,18,229,24,40,207,24,0,0,0,0,0,1,0,2,2,13,22,66,57,46,29,9,11,9,4,0,0,0,0,0,0,0,0,0,0,0,0,0
2026-10,902,1,all_stops,weekday,4455,202,3517,736,609,3110,736,0,0,0,0,0,0,0,8,34,160,407,1037,740,610,419,297,244,204,103,72,49,30,33,5,2,1,0,0,0,0,0,0
2026-10,902,1,timepoints,saturday,137,1,124,12,4,121,12,0,0,0,0,0,0,0,0,0,1,3,53,26,18,14,10,6,3,1,0,1,1,0,0,0,0,0,0,0,0,0,0
2026-10,902,1,timepoints,sunday,101,3,87,11,6,84,11,0,0,0,0,0,0,0,0,1,2,3,27,24,19,10,4,6,4,1,0,0,0,0,0,0,0,0,0,0,0,0,0
2026-10,902,1,timepoints,weekday,1668,7,1358,303,50,1315,303,0,0,0,0,0,0,0,0,0,7,43,545,268,224,168,110,111,80,35,27,20,15,12,3,0,0,0,0,0,0,0,0
2026-10,903,0,all_stops,saturday,398,36,348,14,96,288,14,0,0,0,0,0,0,0,0,11,25,60,131,75,35,32,15,11,1,2,0,0,0,0,0,0,0,0,0,0,0,0,0
2026-10,903,0,all_stops,sunday,304,42,260,2,98,204,2,0,0,0,0,0,0,1,0,7,34,56,102,49,27,17,9,2,0,0,0,0,0,0,0,0,0,0,0,0,0,0,0
2026-10,903,0,all_stops,weekday,4614,491,3847,276,1147,3191,276,0,0,0,0,1,4,10,23,105,348,656,1390,776,493,304,225,128,63,33,35,7,8,1,2,0,1,1,0,0,0,0,0
2026-10,903,0,timepoints,saturday,149,1,142,6,2,141,6,0,0,0,0,0,0,0,0,0,1,1,75,26,19,14,7,4,1,1,0,0,0,0,0,0,0,0,0,0,0,0,0
2026-10,903,0,timepoints,sunday,113,2,110,1,5,107,1,0,0,0,0,0,0,0,0,1,1,3,64,19,13,7,4,1,0,0,0,0,0,0,0,0,0,0,0,0,0,0,0
2026-10,903,0,timepoints,weekday,1732,25,1588,119,78,1535,119,0,0,0,0,0,1,0,2,5,17,53,782,333,195,121,103,55,28,17,12,3,3,1,0,0,0,1,0,0,0,0,0
2026-10,903,1,all_stops,saturday,352,49,294,9,104,239,9,0,0,0,0,0,0,2,0,10,37,55,118,61,37,14,9,4,3,2,0,0,0,0,0,0,0,0,0,0,0,0,0
2026-10,903,1,all_stops,sunday,280,48,224,8,84,188,8,0,0,0,0,0,0,0,1,19,28,36,87,38,32,21,10,3,2,1,1,1,0,0,0,0,0,0,0,0,0,0,0
2026-10,903,1,all_stops,weekday,4448,554,3616,278,1194,2976,278,0,0,0,0,0,1,6,23,137,387,640,1398,713,420,270,172,113,67,37,34,13,6,6,3,0,2,0,0,0,0,0,0
2026-10,903,1,timepoints,saturday,130,1,126,3,7,120,3,0,0,0,0,0,0,0,0,1,0,6,65,26,16,9,4,0,2,1,0,0,0,0,0,0,0,0,0,0,0,0,0
2026-10,903,1,timepoints,sunday,106,3,100,3,8,95,3,0,0,0,0,0,0,0,0,1,2,5,53,15,11,11,5,1,1,0,0,1,0,0,0,0,0,0,0,0,0,0,0
2026-10,903,1,timepoints,weekday,1668,17,1535,116,75,1477,116,0,0,0,0,0,0,0,0,2,15,58,793,305,195,112,71,43,32,18,11,7,1,3,1,0,1,0,0,0,0,0,0
2026-10,904,0,all_stops,saturday,189,15,169,5,45,139,5,0,0,0,0,0,0,0,0,4,11,30,69,34,18,13,5,3,2,0,0,0,0,0,0,0,0,0,0,0,0,0,0
2026-10,904,0,all_stops,sunday,122,3,117,2,20,100,2,0,0,0,0,0,0,0,0,0,3,17,36,26,22,9,7,1,1,0,0,0,0,0,0,0,0,0,0,0,0,0,0
2026-10,904,0,all_stops,weekday,2075,69,1904,102,271,1702,102,0,0,0,0,0,0,0,1,12,56,202,714,457,268,168,93,48,34,15,3,3,1,0,0,0,0,0,0,0,0,0,0
2026-10,904,0,timepoints,saturday,93,2,86,5,8,80,5,0,0,0,0,0,0,0,0,0,2,6,40,20,9,7,4,3,2,0,0,0,0,0,0,0,0,0,0,0,0,0,0
2026-10,904,0,timepoints,sunday,61,0,59,2,0,59,2,0,0,0,0,0,0,0,0,0,0,0,25,13,9,6,6,1,1,0,0,0,0,0,0,0,0,0,0,0,0,0,0
2026-10,904,0,timepoints,weekday,1043,5,944,94,39,910,94,0,0,0,0,0,0,0,0,1,4,34,419,203,114,109,63,42,32,15,3,3,1,0,0,0,0,0,0,0,0,0,0
2026-10,904,1,all_stops,saturday,171,10,160,1,29,141,1,0,0,0,0,0,0,0,0,0,10,19,65,42,14,14,6,1,0,0,0,0,0,0,0,0,0,0,0,0,0,0,0
2026-10,904,1,all_stops,sunday,111,5,104,2,15,94,2,0,0,0,0,0,0,0,0,0,5,10,34,26,15,13,6,2,0,0,0,0,0,0,0,0,0,0,0,0,0,0,0
2026-10,904,1,all_stops,weekday,2086,90,1888,108,317,1661,108,0,0,0,0,0,0,0,1,16,73,227,709,431,239,167,115,57,30,16,3,1,1,0,0,0,0,0,0,0,0,0,0
2026-10,904,1,timepoints,saturday,85,0,84,1,2,82,1,0,0,0,0,0,0,0,0,0,0,2,40,18,8,10,6,1,0,0,0,0,0,0,0,0,0,0,0,0,0,0,0
2026-10,904,1,timepoints,sunday,56,1,53,2,2,52,2,0,0,0,0,0,0,0,0,0,1,1,17,14,6,9,6,2,0,0,0,0,0,0,0,0,0,0,0,0,0,0,0
2026-10,904,1,timepoints,weekday,1042,5,938,99,50,893,99,0,0,0,0,0,0,0,0,0,5,45,417,197,102,89,88,51,28,15,3,1,1,0,0,0,0,0,0,0,0,0,0
2026-10,905,0,all_stops,saturday,222,3,177,42,22,158,42,0,0,0,0,0,0,0,0,1,2,19,45,44,29,16,22,20,9,5,7,1,2,0,0,0,0,0,0,0,0,0,0
2026-10,905,0,all_stops,weekday,3216,34,2339,843,180,2193,843,0,0,0,0,0,0,0,0,4,30,146,631,488,400,359,312,256,192,159,94,68,38,18,9,8,2,1,1,0,0,0,0
2026-10,905,0,timepoints,saturday,75,0,66,9,2,64,9,0,0,0,0,0,0,0,0,0,0,2,29,14,5,6,10,4,4,1,0,0,0,0,0,0,0,0,0,0,0,0,0
2026-10,905,0,timepoints,weekday,1084,2,871,211,43,830,211,0,0,0,0,0,0,0,0,0,2,41,361,168,95,101,103,79,67,38,19,8,1,1,0,0,0,0,0,0,0,0,0
2026-10,905,1,all_stops,saturday,207,3,172,32,12,163,32,0,0,0,0,0,0,0,0,0,3,9,48,34,38,20,23,11,7,5,4,2,1,1,0,0,1,0,0,0,0,0,0
2026-10,905,1,all_stops,weekday,3141,42,2320,779,199,2163,779,0,0,0,0,0,0,0,0,4,38,157,629,489,390,352,300,261,179,134,78,70,33,16,5,4,2,0,0,0,0,0,0
2026-10,905,1,timepoints,saturday,70,0,63,7,2,61,7,0,0,0,0,0,0,0,0,0,0,2,23,12,9,10,7,2,2,2,1,0,0,0,0,0,0,0,0,0,0,0,0
2026-10,905,1,timepoints,weekday,1055,10,846,199,47,809,199,0,0,0,0,0,0,0,0,0,10,37,364,150,97,91,105,99,50,38,11,2,1,0,0,0,0,0,0,0,0,0,0
2026-10,906,0,all_stops,saturday,14,4,10,0,7,7,0,0,0,0,0,0,0,0,1,0,3,3,4,3,0,0,0,0,0,0,0,0,0,0,0,0,0,0,0,0,0,0,0
2026-10,906,0,timepoints,saturday,7,0,7,0,1,6,0,0,0,0,0,0,0,0,0,0,0,1,4,2,0,0,0,0,0,0,0,0,0,0,0,0,0,0,0,0,0,0,0
2026-10,906,1,all_stops,saturday,8,0,8,0,3,5,0,0,0,0,0,0,0,0,0,0,0,3,2,2,1,0,0,0,0,0,0,0,0,0,0,0,0,0,0,0,0,0,0
2026-10,906,1,timepoints,saturday,4,0,4,0,1,3,0,0,0,0,0,0,0,0,0,0,0,1,2,0,1,0,0,0,0,0,0,0,0,0,0,0,0,0,0,0,0,0,0
2026-11,901,0,all_stops,sunday,97,13,80,4,23,70,4,0,0,0,0,0,0,0,0,4,9,10,32,18,8,8,3,3,2,0,0,0,0,0,0,0,0,0,0,0,0,0,0
2026-11,901,0,all_stops,weekday,319,25,267,27,62,230,27,0,0,0,0,0,0,0,1,3,21,37,82,63,38,30,16,12,11,2,3,0,0,0,0,0,0,0,0,0,0,0,0
2026-11,901,0,timepoints,sunday,32,0,31,1,2,29,1,0,0,0,0,0,0,0,0,0,0,2,14,6,5,3,1,1,0,0,0,0,0,0,0,0,0,0,0,0,0,0,0
2026-11,901,0,timepoints,weekday,106,2,97,7,6,93,7,0,0,0,0,0,0,0,0,0,2,4,36,31,8,12,6,5,2,0,0,0,0,0,0,0,0,0,0,0,0,0,0
2026-11,901,1,all_stops,sunday,89,19,67,3,30,56,3,0,0,0,0,0,0,0,2,2,15,11,24,14,8,4,6,2,1,0,0,0,0,0,0,0,0,0,0,0,0,0,0
2026-11,901,1,all_stops,weekday,297,33,234,30,79,188,30,0,0,0,0,0,1,2,1,7,22,46,71,47,32,24,14,11,7,3,1,3,1,3,0,1,0,0,0,0,0,0,0
2026-11,901,1,timepoints,sunday,29,0,28,1,2,26,1,0,0,0,0,0,0,0,0,0,0,2,16,4,3,2,1,1,0,0,0,0,0,0,0,0,0,0,0,0,0,0,0
2026-11,901,1,timepoints,weekday,100,3,88,9,10,81,9,0,0,0,0,0,0,0,0,1,2,7,39,18,11,8,5,5,1,0,1,1,1,0,0,0,0,0,0,0,0,0,0
2026-11,902,0,all_stops,sunday,78,1,65,12,12,54,12,0,0,0,0,0,0,0,0,0,1,11,18,20,7,6,3,5,3,3,1,0,0,0,0,0,0,0,0,0,0,0,0
2026-11,902,0,all_stops,weekday,233,14,185,34,33,166,34,0,0,0,0,0,0,0,0,3,11,19,55,44,22,26,19,14,11,3,1,3,0,0,2,0,0,0,0,0,0,0,0
2026-11,902,0,timepoints,sunday,28,0,24,4,1,23,4,0,0,0,0,0,0,0,0,0,0,1,7,8,3,3,2,1,1,2,0,0,0,0,0,0,0,0,0,0,0,0,0
2026-11,902,0,timepoints,weekday,85,1,72,12,3,70,12,0,0,0,0,0,0,0,0,0,1,2,25,20,7,12,6,6,3,1,0,1,0,0,1,0,0,0,0,0,0,0,0
2026-11,902,1,all_stops,sunday,70,10,57,3,18,49,3,0,0,0,0,0,0,0,1,3,6,8,16,13,13,4,3,0,1,0,1,1,0,0,0,0,0,0,0,0,0,0,0
2026-11,902,1,all_stops,weekday,234,13,178,43,34,157,43,0,0,0,0,0,0,0,1,2,10,21,55,37,21,20,23,13,11,8,4,2,3,2,1,0,0,0,0,0,0,0,0
2026-11,902,1,timepoints,sunday,27,1,24,2,3,22,2,0,0,0,0,0,0,0,0,0,1,2,8,5,6,1,2,0,1,0,1,0,0,0,0,0,0,0,0,0,0,0,0
2026-11,902,1,timepoints,weekday,87,0,70,17,1,69,17,0,0,0,0,0,0,0,0,0,0,1,33,16,4,6,10,7,3,2,1,2,2,0,0,0,0,0,0,0,0,0,0
2026-11,903,0,all_stops,sunday,77,5,70,2,12,63,2,0,0,0,0,0,0,0,0,1,4,7,18,21,13,8,3,1,1,0,0,0,0,0,0,0,0,0,0,0,0,0,0
2026-11,903,0,all_stops,weekday,233,31,191,11,66,156,11,0,0,0,0,0,0,0,2,5,24,35,78,29,24,17,8,4,3,2,0,1,1,0,0,0,0,0,0,0,0,0,0
2026-11,903,0,timepoints,sunday,30,0,29,1,0,29,1,0,0,0,0,0,0,0,0,0,0,0,11,8,5,4,1,0,1,0,0,0,0,0,0,0,0,0,0,0,0,0,0
2026-11,903,0,timepoints,weekday,89,2,83,4,3,82,4,0,0,0,0,0,0,0,0,0,2,1,49,10,11,5,7,2,0,1,0,1,0,0,0,0,0,0,0,0,0,0,0
2026-11,903,1,all_stops,sunday,69,12,55,2,31,36,2,0,0,0,0,0,0,0,1,2,9,19,23,10,1,1,1,0,2,0,0,0,0,0,0,0,0,0,0,0,0,0,0
2026-11,903,1,all_stops,weekday,235,19,203,13,69,153,13,0,0,0,0,0,0,0,2,4,13,50,73,38,25,9,8,8,1,1,1,1,1,0,0,0,0,0,0,0,0,0,0
2026-11,903,1,timepoints,sunday,27,0,26,1,1,25,1,0,0,0,0,0,0,0,0,0,0,1,19,4,1,1,0,0,1,0,0,0,0,0,0,0,0,0,0,0,0,0,0
2026-11,903,1,timepoints,weekday,88,0,83,5,5,78,5,0,0,0,0,0,0,0,0,0,0,5,43,17,10,3,5,3,0,1,0,1,0,0,0,0,0,0,0,0,0,0,0
2026-11,904,0,all_stops,sunday,32,5,25,2,8,22,2,0,0,0,0,0,0,0,0,0,5,3,8,7,4,2,1,2,0,0,0,0,0,0,0,0,0,0,0,0,0,0,0
2026-11,904,0,all_stops,weekday,111,3,99,9,10,92,9,0,0,0,0,0,0,0,0,0,3,7,34,26,15,8,9,4,2,1,2,0,0,0,0,0,0,0,0,0,0,0,0
2026-11,904,0,timepoints,sunday,16,0,14,2,0,14,2,0,0,0,0,0,0,0,0,0,0,0,7,4,2,1,0,2,0,0,0,0,0,0,0,0,0,0,0,0,0,0,0
2026-11,904,0,timepoints,weekday,56,0,47,9,1,46,9,0,0,0,0,0,0,0,0,0,0,1,21,13,4,4,4,4,2,1,2,0,0,0,0,0,0,0,0,0,0,0,0
2026-11,904,1,all_stops,sunday,27,1,26,0,8,19,0,0,0,0,0,0,0,0,1,0,0,7,9,6,4,0,0,0,0,0,0,0,0,0,0,0,0,0,0,0,0,0,0
2026-11,904,1,all_stops,weekday,110,9,95,6,23,81,6,0,0,0,0,0,0,0,1,1,7,14,36,21,13,7,4,3,2,1,0,0,0,0,0,0,0,0,0,0,0,0,0
2026-11,904,1,timepoints,sunday,14,0,14,0,1,13,0,0,0,0,0,0,0,0,0,0,0,1,7,2,4,0,0,0,0,0,0,0,0,0,0,0,0,0,0,0,0,0,0
2026-11,904,1,timepoints,weekday,55,1,49,5,2,48,5,0,0,0,0,0,0,0,0,0,1,1,27,6,7,5,3,2,2,1,0,0,0,0,0,0,0,0,0,0,0,0,0
2026-11,905,0,all_stops,weekday,166,0,132,34,11,121,34,0,0,0,0,0,0,0,0,0,0,11,42,26,24,18,11,11,9,4,4,2,2,1,1,0,0,0,0,0,0,0,0
2026-11,905,0,timepoints,weekday,54,0,46,8,3,43,8,0,0,0,0,0,0,0,0,0,0,3,18,7,10,3,5,4,2,0,2,0,0,0,0,0,0,0,0,0,0,0,0
2026-11,905,1,all_stops,weekday,166,0,131,35,10,121,35,0,0,0,0,0,0,0,0,0,0,10,37,27,30,15,12,13,10,4,3,3,1,1,0,0,0,0,0,0,0,0,0
2026-11,905,1,timepoints,weekday,55,0,46,9,0,46,9,0,0,0,0,0,0,0,0,0,0,0,21,9,6,6,4,7,2,0,0,0,0,0,0,0,0,0,0,0,0,0,0
