route,scope,n,early,on_time,late,early_alt,on_time_alt,late_alt,p10,p50,p90
901,timepoints,4792,219,4178,395,52,4345,395,5,69,275
901,all_stops,14285,3314,9631,1340,1497,11448,1340,-63,59,293
902,timepoints,4082,127,3270,685,21,3376,685,9,106,371
902,all_stops,10859,1511,7647,1701,511,8647,1701,-19,102,366
903,timepoints,4132,184,3689,259,51,3822,259,4,55,252
903,all_stops,11010,2901,7494,615,1287,9108,615,-70,39,237
904,timepoints,2521,105,2197,219,14,2288,219,6,73,286
904,all_stops,5034,746,4051,237,210,4587,237,-21,62,237
905,timepoints,2393,97,1853,443,12,1938,443,7,100,364
905,all_stops,7118,434,4919,1765,82,5271,1765,10,156,433
906,timepoints,11,2,9,0,0,11,0,-8,7,86
906,all_stops,22,10,12,0,4,18,0,-88,3,79
