date,scope,n,early,on_time,late,early_alt,on_time_alt,late_alt,under,m_10,m_9,m_8,m_7,m_6,m_5,m_4,m_3,m_2,m_1,m0,m1,m2,m3,m4,m5,m6,m7,m8,m9,m10,m11,m12,m13,m14,m15,m16,m17,m18,m19,over
2026-10-04,all_stops,532,54,458,20,120,392,20,0,0,0,0,0,0,0,1,13,40,66,154,94,82,40,22,8,1,5,2,2,1,1,0,0,0,0,0,0,0,0,0
2026-10-04,timepoints,199,4,187,8,7,184,8,0,0,0,0,0,0,0,0,1,3,3,85,40,29,18,12,4,0,2,0,1,0,1,0,0,0,0,0,0,0,0,0
2026-10-05,all_stops,2109,154,1685,270,385,1454,270,0,0,0,1,1,0,1,9,33,109,231,549,352,218,174,156,88,63,53,38,13,9,7,3,0,1,0,0,0,0,0,0
2026-10-05,timepoints,779,7,684,88,33,658,88,0,0,0,0,0,0,0,0,1,6,26,300,145,75,69,66,32,21,17,14,2,3,2,0,0,0,0,0,0,0,0,0
2026-10-06,all_stops,2094,143,1697,254,363,1477,254,0,0,0,0,0,0,4,11,34,94,220,533,368,237,173,165,88,57,42,29,16,8,8,1,3,3,0,0,0,0,0,0
2026-10-06,timepoints,770,10,677,83,36,651,83,0,0,0,0,0,0,0,0,3,7,26,276,153,92,67,63,35,14,17,8,4,1,3,0,1,0,0,0,0,0,0,0
2026-10-07,all_stops,2047,127,1682,238,352,1457,238,0,0,0,0,0,0,1,1,31,94,225,581,354,228,175,117,71,57,37,33,19,8,6,6,2,0,0,1,0,0,0,0
2026-10-07,timepoints,757,6,668,83,30,644,83,0,0,0,0,0,0,0,0,0,6,24,306,142,78,65,51,29,24,11,9,4,4,3,1,0,0,0,0,0,0,0,0
2026-10-08,all_stops,2050,119,1655,276,351,1423,276,0,0,0,0,0,1,2,10,28,78,232,558,363,235,154,110,95,69,44,25,22,20,3,1,0,0,0,0,0,0,0,0
2026-10-08,timepoints,760,7,659,94,27,639,94,0,0,0,0,0,0,0,1,1,5,20,301,143,87,52,53,44,17,19,5,8,3,1,0,0,0,0,0,0,0,0,0
2026-10-09,all_stops,2107,157,1718,232,387,1488,232,0,0,0,0,0,1,0,7,32,117,230,572,340,250,188,136,88,58,29,24,14,8,10,2,1,0,0,0,0,0,0,0
2026-10-09,timepoints,783,5,694,84,28,671,84,0,0,0,0,0,0,0,0,0,5,23,313,138,86,76,57,41,20,10,5,4,2,2,1,0,0,0,0,0,0,0,0
2026-10-10,all_stops,815,58,696,61,161,593,61,0,0,0,0,0,0,2,1,15,40,103,230,172,90,62,36,29,16,6,8,3,2,0,0,0,0,0,0,0,0,0,0
2026-10-10,timepoints,302,4,277,21,14,267,21,0,0,0,0,0,0,0,0,1,3,10,118,75,35,27,12,10,9,1,0,1,0,0,0,0,0,0,0,0,0,0,0
2026-10-11,all_stops,541,47,455,39,116,386,39,0,0,0,0,0,1,2,2,7,35,69,139,106,62,46,32,20,10,7,2,1,0,0,0,0,0,0,0,0,0,0,0
2026-10-11,timepoints,202,4,182,16,11,175,16,0,0,0,0,0,0,0,0,2,2,7,71,44,22,22,16,10,2,3,1,0,0,0,0,0,0,0,0,0,0,0,0
2026-10-12,all_stops,2081,178,1640,263,415,1403,263,0,0,0,0,0,0,2,18,35,123,237,580,330,228,166,98,79,73,42,27,18,13,5,2,3,1,0,1,0,0,0,0
2026-10-12,timepoints,767,11,665,91,39,637,91,0,0,0,0,0,0,0,0,2,9,28,316,129,90,70,31,34,28,11,10,3,3,1,1,0,1,0,0,0,0,0,0
2026-10-13,all_stops,2070,136,1655,279,351,1440,279,0,0,0,0,0,0,3,5,32,96,215,551,354,253,150,129,99,76,39,35,17,8,4,2,1,1,0,0,0,0,0,0
2026-10-13,timepoints,771,2,665,104,32,635,104,0,0,0,0,0,0,0,0,1,1,30,287,151,86,61,47,48,28,14,10,4,0,2,1,0,0,0,0,0,0,0,0
2026-10-14,all_stops,2091,160,1633,298,378,1415,298,0,0,0,0,0,0,1,9,37,113,218,566,336,219,166,126,118,66,48,25,22,6,7,2,1,2,0,2,0,1,0,0
2026-10-14,timepoints,774,0,673,101,30,643,101,0,0,0,0,0,0,0,0,0,0,30,323,138,66,60,56,40,25,22,4,5,0,3,0,0,1,0,1,0,0,0,0
2026-10-15,all_stops,2042,168,1626,248,411,1383,248,0,0,0,0,1,1,3,5,34,124,243,554,329,211,180,106,79,75,34,18,25,7,6,5,0,1,1,0,0,0,0,0
2026-10-15,timepoints,757,7,662,88,37,632,88,0,0,0,0,0,1,0,0,2,4,30,313,127,82,64,44,33,29,10,6,7,2,1,1,0,0,1,0,0,0,0,0
2026-10-16,all_stops,2097,137,1699,261,358,1478,261,0,0,0,0,0,0,0,2,21,114,221,551,383,238,186,119,97,66,41,22,14,7,6,4,2,2,1,0,0,0,0,0
2026-10-16,timepoints,786,8,681,97,32,657,97,0,0,0,0,0,0,0,0,0,8,24,302,146,90,78,41,39,27,13,10,3,2,1,2,0,0,0,0,0,0,0,0
2026-10-17,all_stops,784,94,658,32,206,546,32,0,0,0,0,0,0,0,0,21,73,112,254,129,87,46,30,16,8,4,2,1,0,0,0,0,1,0,0,0,0,0,0
2026-10-17,timepoints,293,3,277,13,19,261,13,0,0,0,0,0,0,0,0,0,3,16,142,49,41,18,11,9,2,1,1,0,0,0,0,0,0,0,0,0,0,0,0
2026-10-18,all_stops,508,47,429,32,135,341,32,0,0,0,0,0,0,1,1,13,32,88,162,78,49,32,20,10,15,5,2,0,0,0,0,0,0,0,0,0,0,0,0
2026-10-18,timepoints,192,2,179,11,7,174,11,0,0,0,0,0,0,0,0,0,2,5,90,40,19,16,9,1,7,3,0,0,0,0,0,0,0,0,0,0,0,0,0
2026-10-19,all_stops,2096,174,1659,263,383,1450,263,0,0,0,0,0,1,0,7,42,124,209,575,344,229,184,116,95,67,36,32,18,10,3,3,0,1,0,0,0,0,0,0
2026-10-19,timepoints,776,3,683,90,25,661,90,0,0,0,0,0,0,0,0,1,2,22,316,139,82,73,51,31,27,10,12,5,4,1,0,0,0,0,0,0,0,0,0
2026-10-20,all_stops,2069,149,1656,264,399,1406,264,0,0,0,0,0,0,3,10,28,108,250,510,331,255,187,119,96,64,44,35,15,5,8,1,0,0,0,0,0,0,0,0
2026-10-20,timepoints,767,8,661,98,37,632,98,0,0,0,0,0,0,0,1,1,6,29,289,142,84,65,50,36,30,15,11,6,1,0,1,0,0,0,0,0,0,0,0
2026-10-21,all_stops,2078,138,1682,258,341,1479,258,0,0,0,0,0,2,4,2,29,101,203,515,368,260,185,150,96,60,41,23,16,10,7,1,5,0,0,0,0,0,0,0
2026-10-21,timepoints,769,6,669,94,32,643,94,0,0,0,0,0,0,0,0,2,4,26,288,131,99,69,56,40,26,10,9,2,4,2,1,0,0,0,0,0,0,0,0
2026-10-22,all_stops,803,53,660,90,148,565,90,0,0,0,0,0,0,1,2,10,40,95,212,133,111,53,56,37,22,9,11,5,4,2,0,0,0,0,0,0,0,0,0
2026-10-22,timepoints,301,2,268,31,12,258,31,0,0,0,0,0,0,0,0,0,2,10,121,52,42,23,20,11,12,2,5,1,0,0,0,0,0,0,0,0,0,0,0
2026-10-23,all_stops,2069,132,1684,253,313,1503,253,0,0,0,0,0,1,0,9,30,92,181,558,366,239,181,157,102,66,36,27,14,4,5,1,0,0,0,0,0,0,0,0
2026-10-23,timepoints,765,1,681,83,24,658,83,0,0,0,0,0,0,0,0,0,1,23,297,137,85,71,68,34,21,13,9,5,1,0,0,0,0,0,0,0,0,0,0
2026-10-24,all_stops,837,73,697,67,201,569,67,0,0,0,0,0,0,0,3,14,56,128,230,152,80,55,52,27,7,18,10,1,3,1,0,0,0,0,0,0,0,0,0
2026-10-24,timepoints,313,4,291,18,16,279,18,0,0,0,0,0,0,0,0,0,4,12,138,60,32,22,27,5,2,9,1,0,1,0,0,0,0,0,0,0,0,0,0
2026-10-25,all_stops,542,52,456,34,114,394,34,0,0,0,0,0,0,0,2,11,39,62,149,121,64,44,16,14,11,4,4,1,0,0,0,0,0,0,0,0,0,0,0
2026-10-25,timepoints,204,2,188,14,9,181,14,0,0,0,0,0,0,0,0,0,2,7,75,53,28,21,4,6,5,2,0,1,0,0,0,0,0,0,0,0,0,0,0
2026-10-26,all_stops,2102,137,1726,239,352,1511,239,0,0,0,0,0,0,0,6,24,107,215,544,393,283,165,124,97,56,37,21,16,6,4,2,2,0,0,0,0,0,0,0
2026-10-26,timepoints,780,3,696,81,29,670,81,0,0,0,0,0,0,0,0,0,3,26,293,159,94,72,52,38,19,14,4,4,2,0,0,0,0,0,0,0,0,0,0
2026-10-27,all_stops,2082,157,1659,266,371,1445,266,0,0,0,0,1,1,3,5,36,111,214,526,383,236,161,137,93,68,38,25,24,12,4,1,2,1,0,0,0,0,0,0
2026-10-27,timepoints,775,8,668,99,28,648,99,0,0,0,0,0,0,0,0,2,6,20,295,147,95,61,50,47,25,12,6,6,1,2,0,0,0,0,0,0,0,0,0
2026-10-28,all_stops,2030,138,1581,311,331,1388,311,0,0,0,0,0,1,3,8,31,95,193,505,329,220,194,139,115,71,50,32,18,11,9,4,0,1,0,1,0,0,0,0
2026-10-28,timepoints,754,3,633,118,23,613,118,0,0,0,0,0,0,0,0,0,3,20,290,125,74,73,51,55,26,22,4,5,1,3,2,0,0,0,0,0,0,0,0
2026-10-29,all_stops,2078,135,1725,218,358,1502,218,0,0,0,0,0,0,2,6,28,99,223,569,386,264,161,122,78,58,39,17,11,10,3,1,1,0,0,0,0,0,0,0
2026-10-29,timepoints,771,11,678,82,31,658,82,0,0,0,0,0,0,0,1,0,10,20,302,142,104,68,42,36,24,13,3,4,1,1,0,0,0,0,0,0,0,0,0
2026-10-30,all_stops,2102,186,1665,251,406,1445,251,0,0,0,0,0,2,2,6,44,132,220,606,342,236,145,114,98,51,48,26,11,9,7,0,3,0,0,0,0,0,0,0
2026-10-30,timepoints,783,6,687,90,30,663,90,0,0,0,0,0,0,0,0,1,5,24,343,126,94,50,50,36,26,14,7,4,1,2,0,0,0,0,0,0,0,0,0
2026-10-31,all_stops,829,75,683,71,171,587,71,0,0,0,1,0,2,0,5,18,49,96,228,163,88,68,40,33,16,7,5,5,4,0,1,0,0,0,0,0,0,0,0
2026-10-31,timepoints,303,3,276,24,12,267,24,0,0,0,0,0,1,0,0,0,2,9,123,65,29,30,20,9,10,2,0,3,0,0,0,0,0,0,0,0,0,0,0
2026-11-01,all_stops,539,66,445,28,142,369,28,0,0,0,0,0,0,0,5,12,49,76,148,109,58,33,20,13,10,3,2,1,0,0,0,0,0,0,0,0,0,0,0
2026-11-01,timepoints,203,1,190,12,10,181,12,0,0,0,0,0,0,0,0,0,1,9,89,41,29,15,7,5,4,2,1,0,0,0,0,0,0,0,0,0,0,0,0
2026-11-02,all_stops,2104,147,1715,242,397,1465,242,0,0,0,0,0,1,2,8,25,111,250,563,358,244,174,124,93,67,29,19,15,9,7,4,1,0,0,0,0,0,0,0
2026-11-02,timepoints,775,9,681,85,34,656,85,0,0,0,0,0,0,0,0,1,8,25,312,147,78,64,55,45,17,7,6,6,3,0,1,0,0,0,0,0,0,0,0
